company,title,link,location,experience,education,employment_type,deadline,sector,salary
(주)타임교육,[신입/경력]강사/학생용 소프트웨어자바개발자 모집,https://www.saramin.co.kr/zf_user/jobs/relay/view?view_type=search&rec_idx=49536929&location=ts&searchword=%EC%9E%90%EB%B0%94&searchType=search&paid_fl=n&search_uuid=46e588b9-2a36-4285-99e8-e8b08ccdd09c,서울강남구,경력무관,초대졸↑,정규직,~ 02/03(월),"Java,Servlet,웹개발,Spring,JSP외수정일 24/12/05",
(사)한국아이씨티기술협회,[국비무료IT취업]자바파이썬/웹개발/빅데이터/인공지능,https://www.saramin.co.kr/zf_user/jobs/relay/view?view_type=search&rec_idx=49333137&location=ts&searchword=%EC%9E%90%EB%B0%94&searchType=search&paid_fl=n&search_uuid=46e588b9-2a36-4285-99e8-e8b08ccdd09c,서울전체,경력무관,학력무관,교육생,~ 12/16(월),"Javascript,Java,프론트엔드,웹개발,React외수정일 24/12/09",
데이터플로,"개발자 채용 -자바백엔드 JAVA (정규직,계약직,프리랜서",https://www.saramin.co.kr/zf_user/jobs/relay/view?view_type=search&rec_idx=49260639&location=ts&searchword=%EC%9E%90%EB%B0%94&searchType=search&paid_fl=n&search_uuid=46e588b9-2a36-4285-99e8-e8b08ccdd09c,서울강남구,경력무관,고졸↑,정규직·계약직,~ 12/23(월),"Java,Spring,JSP,RDBMS,MyBatis외등록일 24/10/24","8,000 만원"
(주)엑스아이커뮤니케이션즈,자바개발자 모집 신입/경력 사원 채용,https://www.saramin.co.kr/zf_user/jobs/relay/view?view_type=search&rec_idx=49183779&location=ts&searchword=%EC%9E%90%EB%B0%94&searchType=search&paid_fl=n&search_uuid=46e588b9-2a36-4285-99e8-e8b08ccdd09c,부산수영구,신입·경력,초대졸↑,정규직,상시채용,"Java,웹개발,SI·시스템통합,NI·네트워크통합,시스템관리외등록일 24/10/13",
(주)제이앤밸류,"[대전] 웹,자바(java, spring, sql)개발자 모집(신입, 정규직)",https://www.saramin.co.kr/zf_user/jobs/relay/view?view_type=search&rec_idx=49342830&location=ts&searchword=%EC%9E%90%EB%B0%94&searchType=search&paid_fl=n&search_uuid=46e588b9-2a36-4285-99e8-e8b08ccdd09c,대전유성구,신입,대졸↑,정규직,~ 12/20(금),"Java,웹개발,백엔드/서버개발,Spring,유지보수외등록일 24/11/05",
엠더블유홀딩스(주),[엠더블유홀딩스(주)]자바개발자 모집,https://www.saramin.co.kr/zf_user/jobs/relay/view?view_type=search&rec_idx=49466403&location=ts&searchword=%EC%9E%90%EB%B0%94&searchType=search&paid_fl=n&search_uuid=46e588b9-2a36-4285-99e8-e8b08ccdd09c,경기화성시,신입·경력,학력무관,정규직,~ 12/25(수),"Javascript,Java,HTML,백엔드/서버개발,Spring외등록일 24/11/25",
케이비즈소프트(KBIZ-soft),신입/경력 IT관련 JAVA(소프트웨어 프로그램자바개발자) 모집,https://www.saramin.co.kr/zf_user/jobs/relay/view?view_type=search&rec_idx=49400916&location=ts&searchword=%EC%9E%90%EB%B0%94&searchType=search&paid_fl=n&search_uuid=46e588b9-2a36-4285-99e8-e8b08ccdd09c,서울금천구,신입·경력,고졸↑,정규직·프리랜서,~ 01/13(월),"Java,웹개발,CSS,HTML,Spring외등록일 24/11/14",
비즈톡(주),웹 서비스자바개발자,https://www.saramin.co.kr/zf_user/jobs/relay/view?view_type=search&rec_idx=49426252&location=ts&searchword=%EC%9E%90%EB%B0%94&searchType=search&paid_fl=n&search_uuid=46e588b9-2a36-4285-99e8-e8b08ccdd09c,서울강남구,경력 5~10년,학력무관,정규직,~ 12/19(목),"Java,프론트엔드,웹개발,백엔드/서버개발,SE(시스템엔지니어)외등록일 24/11/19",
(주)코디얼,코디얼 2024년자바경력 채용공고,https://www.saramin.co.kr/zf_user/jobs/relay/view?view_type=search&rec_idx=49508308&location=ts&searchword=%EC%9E%90%EB%B0%94&searchType=search&paid_fl=n&search_uuid=46e588b9-2a36-4285-99e8-e8b08ccdd09c,서울강서구,경력,학력무관,정규직,~ 01/01(수),"Javascript,Java,웹개발,CSS,HTML외등록일 24/12/02",
(주)솔바테크놀러지,영남(부산)지사  IT자바프로그래머 정규(경력)직 모집,https://www.saramin.co.kr/zf_user/jobs/relay/view?view_type=search&rec_idx=49391434&location=ts&searchword=%EC%9E%90%EB%B0%94&searchType=search&paid_fl=n&search_uuid=46e588b9-2a36-4285-99e8-e8b08ccdd09c,부산남구,경력,대졸↑,정규직,~ 01/12(일),"Javascript,Java,.NET,ASP,MSSQL외등록일 24/11/13",
(주)블루스페이스엠앤디,부산근무자바(java) WEB 개발자,https://www.saramin.co.kr/zf_user/jobs/relay/view?view_type=search&rec_idx=49507809&location=ts&searchword=%EC%9E%90%EB%B0%94&searchType=search&paid_fl=n&search_uuid=46e588b9-2a36-4285-99e8-e8b08ccdd09c,부산동구,경력 2~3년,대졸↑,정규직·계약직,~ 01/01(수),"Java,CSS,솔루션,OracleDB,PostgreSQL외등록일 24/12/02",
(주)케이에이치정보교육원,KH정보교육원 부산지원 2024년 경력직자바(JAVA)강사 채용 공고,https://www.saramin.co.kr/zf_user/jobs/relay/view?view_type=search&rec_idx=49274357&location=ts&searchword=%EC%9E%90%EB%B0%94&searchType=search&paid_fl=n&search_uuid=46e588b9-2a36-4285-99e8-e8b08ccdd09c,부산부산진구,경력무관,초대졸↑,정규직·전임,~ 12/24(화),"Javascript,Java,Servlet,CSS,HTML외수정일 24/11/12",
(주)엘스페이스,[S/W] 2024년도 하반기자바웹 개발자(경력),https://www.saramin.co.kr/zf_user/jobs/relay/view?view_type=search&rec_idx=49276524&location=ts&searchword=%EC%9E%90%EB%B0%94&searchType=search&paid_fl=n&search_uuid=46e588b9-2a36-4285-99e8-e8b08ccdd09c,경남거제시,경력3년↑,초대졸↑,정규직,~ 12/26(목),"Javascript,Java,프론트엔드,웹개발,React외등록일 24/10/27",
(주)아인잡,"[자사 웹/앱 플랫폼] 백엔드 개발리더 (자바,스프링부트, aws5년+)",https://www.saramin.co.kr/zf_user/jobs/relay/view?view_type=search&rec_idx=49426235&location=ts&searchword=%EC%9E%90%EB%B0%94&searchType=search&paid_fl=n&search_uuid=46e588b9-2a36-4285-99e8-e8b08ccdd09c,서울강남구,경력 7~15년,대졸↑,정규직,~ 12/18(수),"Java,프론트엔드,웹개발,React,백엔드/서버개발외등록일 24/11/19",
(주)에스에이치에스테크,핀테크 앱 서비스자바Java 백엔드 개발자 채용(경력),https://www.saramin.co.kr/zf_user/jobs/relay/view?view_type=search&rec_idx=49381060&location=ts&searchword=%EC%9E%90%EB%B0%94&searchType=search&paid_fl=n&search_uuid=46e588b9-2a36-4285-99e8-e8b08ccdd09c,서울강남구,경력2년↑,학력무관,정규직,내일마감,"Java,백엔드/서버개발,Spring,API,SpringBoot외등록일 24/11/12",
푸른IT,영등포 당산역 대기업 구매시스템 장기 SM (자바개발자 ),https://www.saramin.co.kr/zf_user/jobs/relay/view?view_type=search&rec_idx=49500664&location=ts&searchword=%EC%9E%90%EB%B0%94&searchType=search&paid_fl=n&search_uuid=46e588b9-2a36-4285-99e8-e8b08ccdd09c,서울영등포구,경력 6~20년,초대졸↑,프리랜서,내일마감,"Javascript,Java,웹개발,Spring,유지보수외수정일 24/11/30",700 만원
(주)미르이즈,자바개발자 경력 정규직 채용,https://www.saramin.co.kr/zf_user/jobs/relay/view?view_type=search&rec_idx=49529149&location=ts&searchword=%EC%9E%90%EB%B0%94&searchType=search&paid_fl=n&search_uuid=46e588b9-2a36-4285-99e8-e8b08ccdd09c,서울마포구,경력6년↑,대졸↑,정규직,상시채용,"Javascript,Java,프론트엔드,웹개발,백엔드/서버개발외수정일 24/12/04",
화정소프트,"웹 개발 -자바(JAVA),SPRING(스프링) - 경력 채용",https://www.saramin.co.kr/zf_user/jobs/relay/view?view_type=search&rec_idx=49445847&location=ts&searchword=%EC%9E%90%EB%B0%94&searchType=search&paid_fl=n&search_uuid=46e588b9-2a36-4285-99e8-e8b08ccdd09c,서울송파구,경력3년↑,초대졸↑,프리랜서,~ 12/21(토),"Java,Spring,MySQL,JSP,iBATIS외등록일 24/11/21",
엔셀 주식회사,자바웹개발자 (천안아산/경력),https://www.saramin.co.kr/zf_user/jobs/relay/view?view_type=search&rec_idx=49497774&location=ts&searchword=%EC%9E%90%EB%B0%94&searchType=search&paid_fl=n&search_uuid=46e588b9-2a36-4285-99e8-e8b08ccdd09c,충남아산시,경력3년↑,대졸↑,정규직,~ 12/31(화),"Javascript,프론트엔드,웹개발,React,CSS외등록일 24/11/29",
자바누수,불당동자바누수 콘텐츠 기획 및 제작 마케터 경력직 채용,https://www.saramin.co.kr/zf_user/jobs/relay/view?view_type=search&rec_idx=49510611&location=ts&searchword=%EC%9E%90%EB%B0%94&searchType=search&paid_fl=n&search_uuid=46e588b9-2a36-4285-99e8-e8b08ccdd09c,충남천안시 서북구,경력3년↑,학력무관,정규직,~ 12/31(화),"블로그마케팅,콘텐츠기획,콘텐츠마케팅,콘텐츠에디터,콘텐츠디자인외수정일 24/12/05","5,000 만원"
(주)디랙스,"소프트웨어 개발(웹,자바) 경력직원 모집",https://www.saramin.co.kr/zf_user/jobs/relay/view?view_type=search&rec_idx=49447600&location=ts&searchword=%EC%9E%90%EB%B0%94&searchType=search&paid_fl=n&search_uuid=46e588b9-2a36-4285-99e8-e8b08ccdd09c,경기안양시 만안구,경력 10~20년,초대졸↑,정규직,~ 12/21(토),"Java,웹개발,유지보수,MySQL,JSP외수정일 24/12/10",
빅스데이터(주),[개발본부] 경력자바개발자 모집(6년이상),https://www.saramin.co.kr/zf_user/jobs/relay/view?view_type=search&rec_idx=49530334&location=ts&searchword=%EC%9E%90%EB%B0%94&searchType=search&paid_fl=n&search_uuid=46e588b9-2a36-4285-99e8-e8b08ccdd09c,서울강남구,경력6년↑,대졸↑,정규직,~ 02/03(월),"Javascript,Java,CSS,HTML,TypeScript외수정일 24/12/05",
(주)무하유,[무하유]자바백엔드 개발자 경력 채용,https://www.saramin.co.kr/zf_user/jobs/relay/view?view_type=search&rec_idx=49453990&location=ts&searchword=%EC%9E%90%EB%B0%94&searchType=search&paid_fl=n&search_uuid=46e588b9-2a36-4285-99e8-e8b08ccdd09c,서울성동구,경력 7~20년,대졸↑,정규직,~ 12/22(일),"Java,프론트엔드,웹개발,백엔드/서버개발,Spring외등록일 24/11/22",
(주)디아이티,(주)디아이티자바경력직 채용,https://www.saramin.co.kr/zf_user/jobs/relay/view?view_type=search&rec_idx=49505891&location=ts&searchword=%EC%9E%90%EB%B0%94&searchType=search&paid_fl=n&search_uuid=46e588b9-2a36-4285-99e8-e8b08ccdd09c,서울강남구,경력5년↑,학력무관,정규직,~ 01/31(금),"Java,백엔드/서버개발,Spring,MySQL,JSP외등록일 24/12/02",
(주)인실리코젠,JAVA(자바) 개발자 경력 채용,https://www.saramin.co.kr/zf_user/jobs/relay/view?view_type=search&rec_idx=49428000&location=ts&searchword=%EC%9E%90%EB%B0%94&searchType=search&paid_fl=n&search_uuid=46e588b9-2a36-4285-99e8-e8b08ccdd09c,경기용인시 기흥구,경력3년↑,학력무관,정규직,채용시,"Javascript,Java,프론트엔드,웹개발,백엔드/서버개발외수정일 24/11/19",
(주)나야넷,자바개발자 경력 모집,https://www.saramin.co.kr/zf_user/jobs/relay/view?view_type=search&rec_idx=49398253&location=ts&searchword=%EC%9E%90%EB%B0%94&searchType=search&paid_fl=n&search_uuid=46e588b9-2a36-4285-99e8-e8b08ccdd09c,서울금천구,경력 4~15년,학력무관,정규직,~ 01/13(월),"Java,웹개발,CSS,HTML,MySQL외수정일 24/11/27",
㈜이컴라인,"[용산] 금융, 보험, java, javascript,자바스크립트,자바",https://www.saramin.co.kr/zf_user/jobs/relay/view?view_type=search&rec_idx=49413712&location=ts&searchword=%EC%9E%90%EB%B0%94&searchType=search&paid_fl=n&search_uuid=46e588b9-2a36-4285-99e8-e8b08ccdd09c,서울금천구,경력 6~20년,초대졸↑,프리랜서,~ 12/16(월),"Javascript,Java,프론트엔드,웹개발,백엔드/서버개발외수정일 24/11/17",
주식회사 셈웨어,"Java 기반 웹 개발 경력자 채용(자바, 전자정부)",https://www.saramin.co.kr/zf_user/jobs/relay/view?view_type=search&rec_idx=49460981&location=ts&searchword=%EC%9E%90%EB%B0%94&searchType=search&paid_fl=n&search_uuid=46e588b9-2a36-4285-99e8-e8b08ccdd09c,서울금천구,경력3년↑,대졸↑,정규직,~ 12/25(수),"Java,웹개발,Spring,기술지원,인프라외수정일 24/11/25",
(주)블루스페이스엠앤디,경기도 부천 근무자바(java) WEB 개발자,https://www.saramin.co.kr/zf_user/jobs/relay/view?view_type=search&rec_idx=49507824&location=ts&searchword=%EC%9E%90%EB%B0%94&searchType=search&paid_fl=n&search_uuid=46e588b9-2a36-4285-99e8-e8b08ccdd09c,경기부천시 원미구,경력 3~7년,대졸↑,정규직·계약직,~ 01/01(수),"Java,CSS,솔루션,OracleDB,PostgreSQL외등록일 24/12/02",
(주)휴레이포지티브,[휴레이]자바백엔드 개발자 (Lead),https://www.saramin.co.kr/zf_user/jobs/relay/view?view_type=search&rec_idx=49515855&location=ts&searchword=%EC%9E%90%EB%B0%94&searchType=search&paid_fl=n&search_uuid=46e588b9-2a36-4285-99e8-e8b08ccdd09c,서울서초구,경력 8~12년,학력무관,정규직,~ 12/31(화),"Java,웹개발,백엔드/서버개발,Spring,유지보수외수정일 24/12/03",
(주)하이윌테크놀로지,자바JSP 웹 개발자 모집,https://www.saramin.co.kr/zf_user/jobs/relay/view?view_type=search&rec_idx=49344005&location=ts&searchword=%EC%9E%90%EB%B0%94&searchType=search&paid_fl=n&search_uuid=46e588b9-2a36-4285-99e8-e8b08ccdd09c,서울구로구,경력3년↑,학력무관,계약직·프리랜서,~ 01/05(일),"Java,웹개발,Spring,JSP,OracleDB외수정일 24/12/07",
(주)이지씨엔에스아이,공공기관(양재동)  상주  유지보수 고급자바개발(Mi-Paltform),https://www.saramin.co.kr/zf_user/jobs/relay/view?view_type=search&rec_idx=49444415&location=ts&searchword=%EC%9E%90%EB%B0%94&searchType=search&paid_fl=n&search_uuid=46e588b9-2a36-4285-99e8-e8b08ccdd09c,서울서초구,경력 6~9년,초대졸↑,정규직·계약직,~ 12/21(토),"Java,웹개발,유지보수,JSP,SI·시스템통합외등록일 24/11/21",450 만원
고벤트 주식회사,"자바(JAVA, JSP)웹개발 경력 정규직 모집합니다.",https://www.saramin.co.kr/zf_user/jobs/relay/view?view_type=search&rec_idx=49514607&location=ts&searchword=%EC%9E%90%EB%B0%94&searchType=search&paid_fl=n&search_uuid=46e588b9-2a36-4285-99e8-e8b08ccdd09c,경기안양시 동안구,경력 3~5년,고졸↑,정규직,~ 01/02(목),"Java,웹개발,Spring,JSP,AWS외등록일 24/12/03",
(주)발트루스트,[발트루스트]자바개발자 (5년 이상) 채용,https://www.saramin.co.kr/zf_user/jobs/relay/view?view_type=search&rec_idx=49547203&location=ts&searchword=%EC%9E%90%EB%B0%94&searchType=search&paid_fl=n&search_uuid=46e588b9-2a36-4285-99e8-e8b08ccdd09c,경기성남시 분당구,경력5년↑,대졸↑,정규직,~ 01/07(화),"Java,프론트엔드,React,Spring,솔루션외등록일 24/12/08",
(주)한국법률데이터,(php자바) 풀스택 개발자 모집,https://www.saramin.co.kr/zf_user/jobs/relay/view?view_type=search&rec_idx=49305040&location=ts&searchword=%EC%9E%90%EB%B0%94&searchType=search&paid_fl=n&search_uuid=46e588b9-2a36-4285-99e8-e8b08ccdd09c,서울영등포구,경력 3~10년,학력무관,인턴직,~ 12/30(월),"프론트엔드,풀스택,핀테크,그누보드,PHP외수정일 24/11/25",
그린컴퓨터아트학원,청주 그린컴퓨터아트학원자바강사모집,https://www.saramin.co.kr/zf_user/jobs/relay/view?view_type=search&rec_idx=49539353&location=ts&searchword=%EC%9E%90%EB%B0%94&searchType=search&paid_fl=n&search_uuid=46e588b9-2a36-4285-99e8-e8b08ccdd09c,충북청주시 서원구,경력1년↑,학력무관,계약직·위촉직,~ 12/21(토),"백엔드/서버개발,퍼블리셔,학원강사,훈련교사,IT강사외등록일 24/12/06",
하이미디어아카데미,[하이미디어아카데미 강남] 클라우드 기반자바풀스택 강사 채용,https://www.saramin.co.kr/zf_user/jobs/relay/view?view_type=search&rec_idx=49512058&location=ts&searchword=%EC%9E%90%EB%B0%94&searchType=search&paid_fl=n&search_uuid=46e588b9-2a36-4285-99e8-e8b08ccdd09c,서울서초구,경력무관,학력무관,계약직,~ 01/01(수),"파트강사,학원강사,훈련교사,IT강사,교육기관수정일 24/12/06",
(주)세종교육,자바개발자 과정 강사 채용,https://www.saramin.co.kr/zf_user/jobs/relay/view?view_type=search&rec_idx=49563530&location=ts&searchword=%EC%9E%90%EB%B0%94&searchType=search&paid_fl=n&search_uuid=46e588b9-2a36-4285-99e8-e8b08ccdd09c,경기성남시,신입·경력,고졸↑,정규직·계약직,~ 01/08(수),"보조강사,파트강사,학원강사,학원보조,IT강사외수정일 24/12/10",
(주)가치의발견,직업훈련 IT강사모집(자바/AI/빅데이터/서버/네트워크/클라우드),https://www.saramin.co.kr/zf_user/jobs/relay/view?view_type=search&rec_idx=49465899&location=ts&searchword=%EC%9E%90%EB%B0%94&searchType=search&paid_fl=n&search_uuid=46e588b9-2a36-4285-99e8-e8b08ccdd09c,서울구로구,경력무관,초대졸↑,정규직·계약직,~ 12/31(화),"직업전문학교,IT강사,직업훈련,직업전문학교등록일 24/11/25",
더조은컴퓨터아카데미종로,"[NCS 훈련교사] 빅데이터(파이썬)엘러스틱서치,자바웹 전문강사",https://www.saramin.co.kr/zf_user/jobs/relay/view?view_type=search&rec_idx=49408730&location=ts&searchword=%EC%9E%90%EB%B0%94&searchType=search&paid_fl=n&search_uuid=46e588b9-2a36-4285-99e8-e8b08ccdd09c,서울종로구,경력무관,학력무관,기간제·계약직,~ 12/15(일),"직업훈련,컴퓨터교육,훈련교사,IT학원등록일 24/11/15","9,860 원"
(주)이폼웍스,책임감 있는 Java 기반 웹 개발자를 찾습니다.,https://www.saramin.co.kr/zf_user/jobs/relay/view?view_type=search&rec_idx=49562668&location=ts&searchword=%EC%9E%90%EB%B0%94&searchType=search&paid_fl=n&search_uuid=24ae908e-bb94-4dc6-b186-91e308e6f6a5,서울강남구,경력 3~10년,학력무관,정규직,~ 01/09(목),"Javascript,Java,웹개발,CSS,HTML외등록일 24/12/10",
파킹클라우드(주),클라우드 Java 백엔드 개발자 채용,https://www.saramin.co.kr/zf_user/jobs/relay/view?view_type=search&rec_idx=49506791&location=ts&searchword=%EC%9E%90%EB%B0%94&searchType=search&paid_fl=n&search_uuid=24ae908e-bb94-4dc6-b186-91e308e6f6a5,서울금천구,경력 4~6년,학력무관,정규직,~ 01/31(금),"Java,웹개발,백엔드/서버개발,솔루션,유지보수외수정일 24/12/09",
엔시큐어(주),[웹 개발] JAVA개발자 경력직 채용,https://www.saramin.co.kr/zf_user/jobs/relay/view?view_type=search&rec_idx=49382287&location=ts&searchword=%EC%9E%90%EB%B0%94&searchType=search&paid_fl=n&search_uuid=24ae908e-bb94-4dc6-b186-91e308e6f6a5,서울용산구,경력2년↑,학력무관,정규직,내일마감,"Java,React,Spring,솔루션,유지보수외등록일 24/11/12",
(주)유알피,[유알피] 24년 공공기관상주_Java개발자 채용,https://www.saramin.co.kr/zf_user/jobs/relay/view?view_type=search&rec_idx=49481919&location=ts&searchword=%EC%9E%90%EB%B0%94&searchType=search&paid_fl=n&search_uuid=24ae908e-bb94-4dc6-b186-91e308e6f6a5,서울강서구,경력,초대졸↑,계약직·프리랜서,~ 12/26(목),"Java,웹개발,Spring,유지보수,MySQL외수정일 24/11/27",
(주)맨파워코리아,[중견기업] Android App 개발 (Java & Kotlin),https://www.saramin.co.kr/zf_user/jobs/relay/view?view_type=search&rec_idx=49471076&location=ts&searchword=%EC%9E%90%EB%B0%94&searchType=search&paid_fl=n&search_uuid=24ae908e-bb94-4dc6-b186-91e308e6f6a5,서울강남구,경력5년↑,대졸↑,정규직,오늘마감,"Java,앱개발,Android,Kotlin,아웃소싱등록일 24/11/26",
삼양데이타시스템(주),"전자결재 및 사무지원 시스템 운영 및 개발 인력 채용(JAVA, C#)",https://www.saramin.co.kr/zf_user/jobs/relay/view?view_type=search&rec_idx=49353561&location=ts&searchword=%EC%9E%90%EB%B0%94&searchType=search&paid_fl=n&search_uuid=24ae908e-bb94-4dc6-b186-91e308e6f6a5,서울종로구,경력3년↑,학력무관,정규직,~ 01/06(월),"Javascript,Java,HTML,.NET,C#외수정일 24/11/07",
(주)마크로젠,[JAVA개발자] 경력자 채용,https://www.saramin.co.kr/zf_user/jobs/relay/view?view_type=search&rec_idx=49358674&location=ts&searchword=%EC%9E%90%EB%B0%94&searchType=search&paid_fl=n&search_uuid=24ae908e-bb94-4dc6-b186-91e308e6f6a5,서울금천구,경력5년↑,대졸↑,정규직,채용시,"Javascript,Java,웹개발,React,백엔드/서버개발외수정일 24/11/18",
(주)영림원소프트랩,BPO플랫폼사업팀 근태관리 Java개발자 모집,https://www.saramin.co.kr/zf_user/jobs/relay/view?view_type=search&rec_idx=49489766&location=ts&searchword=%EC%9E%90%EB%B0%94&searchType=search&paid_fl=n&search_uuid=24ae908e-bb94-4dc6-b186-91e308e6f6a5,서울강서구,경력3년↑,대졸↑,정규직,내일마감,"Java,백엔드/서버개발,MySQL,클라우드,ERP외등록일 24/11/28",
(주)이씨오,웹 솔루션 개발 및 사업관리 JAVA 백엔드개발자 모집(경력직),https://www.saramin.co.kr/zf_user/jobs/relay/view?view_type=search&rec_idx=49493945&location=ts&searchword=%EC%9E%90%EB%B0%94&searchType=search&paid_fl=n&search_uuid=24ae908e-bb94-4dc6-b186-91e308e6f6a5,경기성남시 분당구,경력 2~5년,학력무관,정규직,~ 12/31(화),"Java,백엔드/서버개발,Spring,솔루션,유지보수외수정일 24/11/29",
(주)엠로,Java개발자 (Cloud Native) (경력 3년~10년),https://www.saramin.co.kr/zf_user/jobs/relay/view?view_type=search&rec_idx=49528653&location=ts&searchword=%EC%9E%90%EB%B0%94&searchType=search&paid_fl=n&search_uuid=24ae908e-bb94-4dc6-b186-91e308e6f6a5,서울전체,경력 3~10년,대졸↑,정규직,~ 01/03(금),"Javascript,Java,프론트엔드,웹개발,백엔드/서버개발외등록일 24/12/04",
파이언넷(주),JAVA 웹개발 경력자 채용,https://www.saramin.co.kr/zf_user/jobs/relay/view?view_type=search&rec_idx=49192196&location=ts&searchword=%EC%9E%90%EB%B0%94&searchType=search&paid_fl=n&search_uuid=24ae908e-bb94-4dc6-b186-91e308e6f6a5,서울강서구,경력 5~15년,대졸↑,정규직,~ 12/13(금),"Java,웹개발,소프트웨어개발수정일 24/10/24",
(주)이지스,전자정부표준프레임워크 경력자 모집(Spring Boot/JAVA/DB),https://www.saramin.co.kr/zf_user/jobs/relay/view?view_type=search&rec_idx=49455317&location=ts&searchword=%EC%9E%90%EB%B0%94&searchType=search&paid_fl=n&search_uuid=24ae908e-bb94-4dc6-b186-91e308e6f6a5,대구수성구,경력7년↑,학력무관,정규직,채용시,"Java,Servlet,웹개발,Spring,솔루션외등록일 24/11/22",
주식회사 벨로크,"(주) 벨로크 기업부설연구소 경력사원 모집(Java, React, HTMx)",https://www.saramin.co.kr/zf_user/jobs/relay/view?view_type=search&rec_idx=49490780&location=ts&searchword=%EC%9E%90%EB%B0%94&searchType=search&paid_fl=n&search_uuid=24ae908e-bb94-4dc6-b186-91e308e6f6a5,서울금천구,경력 3~5년,대졸↑,정규직,~ 12/28(토),"Javascript,Java,웹개발,React,백엔드/서버개발외등록일 24/11/28",
(주)아이나비시스템즈,[아이나비시스템즈] 백엔드 개발자(Kotlin/Java) 상시 채용,https://www.saramin.co.kr/zf_user/jobs/relay/view?view_type=search&rec_idx=49515864&location=ts&searchword=%EC%9E%90%EB%B0%94&searchType=search&paid_fl=n&search_uuid=24ae908e-bb94-4dc6-b186-91e308e6f6a5,경기성남시 분당구,경력3년↑,학력무관,정규직,~ 02/01(토),"Java,백엔드/서버개발,Spring,S/W,아키텍쳐외등록일 24/12/03",
(주)비욘드테크,프로그래머 / 경력직 - 웹 JAVA JSP / 응용 C#,https://www.saramin.co.kr/zf_user/jobs/relay/view?view_type=search&rec_idx=49526226&location=ts&searchword=%EC%9E%90%EB%B0%94&searchType=search&paid_fl=n&search_uuid=24ae908e-bb94-4dc6-b186-91e308e6f6a5,서울전체,경력 4~15년,학력무관,정규직,~ 01/03(금),"Java,프론트엔드,웹개발,백엔드/서버개발,솔루션외등록일 24/12/04",
(주)퓨전소프트,공공서비스 Java 개발자 채용 서울역 인근,https://www.saramin.co.kr/zf_user/jobs/relay/view?view_type=search&rec_idx=49537305&location=ts&searchword=%EC%9E%90%EB%B0%94&searchType=search&paid_fl=n&search_uuid=24ae908e-bb94-4dc6-b186-91e308e6f6a5,서울중구,경력4년↑,학력무관,프리랜서,~ 12/20(금),"Javascript,Java,웹개발,Spring,데이터분석가외수정일 24/12/06",700 만원
(주)유라클,[국내 1위 모바일 솔루션] 유라클 세종 JAVA/PM 경력직 모집,https://www.saramin.co.kr/zf_user/jobs/relay/view?view_type=search&rec_idx=49217806&location=ts&searchword=%EC%9E%90%EB%B0%94&searchType=search&paid_fl=n&search_uuid=24ae908e-bb94-4dc6-b186-91e308e6f6a5,세종특별자치시,경력6년↑,초대졸↑,정규직,채용시,"Javascript,Java,프론트엔드,웹개발,CSS외수정일 24/10/17",
(주)에스티엔인포텍,웹개발자 /React java 개발 신입 및 경력 채용,https://www.saramin.co.kr/zf_user/jobs/relay/view?view_type=search&rec_idx=49386150&location=ts&searchword=%EC%9E%90%EB%B0%94&searchType=search&paid_fl=n&search_uuid=24ae908e-bb94-4dc6-b186-91e308e6f6a5,경기과천시,경력3년↑,초대졸↑,정규직,~ 01/11(토),"Javascript,Java,프론트엔드,웹개발,React외등록일 24/11/12",
(주)헥토파이낸셜,[헥토파이낸셜] 백오피스(Java) 개발자,https://www.saramin.co.kr/zf_user/jobs/relay/view?view_type=search&rec_idx=49543020&location=ts&searchword=%EC%9E%90%EB%B0%94&searchType=search&paid_fl=n&search_uuid=24ae908e-bb94-4dc6-b186-91e308e6f6a5,서울강남구,경력3년↑,학력무관,정규직,~ 01/05(일),"Java,웹개발,OracleDB,RestAPI,SpringBoot외등록일 24/12/06",
(주)엠앤디,"UI 디자인 수정 및 간단한 코딩 가능자 구인:포토샵, C# or Java",https://www.saramin.co.kr/zf_user/jobs/relay/view?view_type=search&rec_idx=49277719&location=ts&searchword=%EC%9E%90%EB%B0%94&searchType=search&paid_fl=n&search_uuid=24ae908e-bb94-4dc6-b186-91e308e6f6a5,부산기장군,경력무관,대졸↑,정규직·전문연구요원,~ 12/27(금),"Java,프론트엔드,React,MySQL,게임개발외수정일 24/11/05",
하이온넷(주),하이온넷 - WMS JAVA 개발자 구인 (중급),https://www.saramin.co.kr/zf_user/jobs/relay/view?view_type=search&rec_idx=49502899&location=ts&searchword=%EC%9E%90%EB%B0%94&searchType=search&paid_fl=n&search_uuid=24ae908e-bb94-4dc6-b186-91e308e6f6a5,서울구로구,경력3년↑,초대졸↑,정규직,~ 01/01(수),"Javascript,Java,웹개발,CSS,HTML외등록일 24/12/02",
(주)서진시스템,자사솔루션(MES/ERP) Web/Java개발 경력직 채용,https://www.saramin.co.kr/zf_user/jobs/relay/view?view_type=search&rec_idx=49301636&location=ts&searchword=%EC%9E%90%EB%B0%94&searchType=search&paid_fl=n&search_uuid=24ae908e-bb94-4dc6-b186-91e308e6f6a5,서울영등포구,경력 8~20년,초대졸↑,정규직,채용시,"Javascript,Java,프론트엔드,웹개발,CSS외수정일 24/12/05",
세일즈인사이트(주),2024년 세일즈인사이트 채용(JAVA 개발),https://www.saramin.co.kr/zf_user/jobs/relay/view?view_type=search&rec_idx=49393366&location=ts&searchword=%EC%9E%90%EB%B0%94&searchType=search&paid_fl=n&search_uuid=24ae908e-bb94-4dc6-b186-91e308e6f6a5,서울금천구,경력10년↑,학력무관,정규직,~ 01/12(일),"Java,프론트엔드,백엔드/서버개발,Spring,SpringBoot외등록일 24/11/13",
(주)온넷시스템즈코리아,JAVA/ Spring Backend 개발자 경력 채용,https://www.saramin.co.kr/zf_user/jobs/relay/view?view_type=search&rec_idx=49404562&location=ts&searchword=%EC%9E%90%EB%B0%94&searchType=search&paid_fl=n&search_uuid=24ae908e-bb94-4dc6-b186-91e308e6f6a5,서울서초구,경력5년↑,학력무관,정규직,~ 12/14(토),"Java,백엔드/서버개발,Spring,Node.js,RestAPI외등록일 24/11/14",
미스터블루(주),"백엔드 파트장 (Java, Spring)",https://www.saramin.co.kr/zf_user/jobs/relay/view?view_type=search&rec_idx=49404263&location=ts&searchword=%EC%9E%90%EB%B0%94&searchType=search&paid_fl=n&search_uuid=24ae908e-bb94-4dc6-b186-91e308e6f6a5,서울강서구,경력 10~15년,대졸↑,정규직,~ 12/13(금),"Java,프론트엔드,웹개발,백엔드/서버개발,Spring외수정일 24/11/15",
(주)한살림사업연합,"한살림시스템 ERP 개발/운영(JAVA, SPRING) 경력직 채용",https://www.saramin.co.kr/zf_user/jobs/relay/view?view_type=search&rec_idx=49487712&location=ts&searchword=%EC%9E%90%EB%B0%94&searchType=search&paid_fl=n&search_uuid=24ae908e-bb94-4dc6-b186-91e308e6f6a5,서울송파구,경력 1~5년,학력무관,정규직,~ 01/27(월),"Java,백엔드/서버개발,Spring,솔루션,유지보수외등록일 24/11/28",
(주)비즈니스온커뮤니케이션,스마트빌 JAVA 개발자 모집,https://www.saramin.co.kr/zf_user/jobs/relay/view?view_type=search&rec_idx=49503191&location=ts&searchword=%EC%9E%90%EB%B0%94&searchType=search&paid_fl=n&search_uuid=24ae908e-bb94-4dc6-b186-91e308e6f6a5,서울강남구,경력 3~6년,초대졸↑,정규직,채용시,"Java,백엔드/서버개발,Spring,솔루션,유지보수외등록일 24/12/02",
파킹클라우드(주),클라우드 Java 백엔드 개발자 채용,https://www.saramin.co.kr/zf_user/jobs/relay/view?view_type=search&rec_idx=49550253&location=ts&searchword=%EC%9E%90%EB%B0%94&searchType=search&paid_fl=n&search_uuid=24ae908e-bb94-4dc6-b186-91e308e6f6a5,서울전체,경력 4~6년,학력무관,정규직,~ 01/08(수),"Java,프론트엔드,웹개발,백엔드/서버개발,Spring외등록일 24/12/09",
프레시지,(주)프레시지 시스템 개발자(JAVA) 경력직(3년 이상) 채용,https://www.saramin.co.kr/zf_user/jobs/relay/view?view_type=search&rec_idx=49364752&location=ts&searchword=%EC%9E%90%EB%B0%94&searchType=search&paid_fl=n&search_uuid=24ae908e-bb94-4dc6-b186-91e308e6f6a5,서울강남구,경력3년↑,대졸↑,정규직,채용시,"Java,프론트엔드,Spring,유지보수,MySQL외등록일 24/11/08",
(주)케이사인,(주)케이사인 DB보안솔루션 JAVA 개발자 경력모집,https://www.saramin.co.kr/zf_user/jobs/relay/view?view_type=search&rec_idx=49386527&location=ts&searchword=%EC%9E%90%EB%B0%94&searchType=search&paid_fl=n&search_uuid=24ae908e-bb94-4dc6-b186-91e308e6f6a5,경기과천시,경력 4~12년,대졸↑,정규직,내일마감,"Java,프론트엔드,웹개발,React,백엔드/서버개발외등록일 24/11/12",
(주)한국아이오티기술원,Java 백엔드 서버 개발자 모집,https://www.saramin.co.kr/zf_user/jobs/relay/view?view_type=search&rec_idx=49399495&location=ts&searchword=%EC%9E%90%EB%B0%94&searchType=search&paid_fl=n&search_uuid=24ae908e-bb94-4dc6-b186-91e308e6f6a5,서울금천구,경력 5~10년,대졸↑,정규직,~ 12/14(토),"Java,웹개발,백엔드/서버개발,Spring,Linux외등록일 24/11/14","5,000 만원"
양재미디어(주),JAVA 웹 개발자 채용 (개발/SM),https://www.saramin.co.kr/zf_user/jobs/relay/view?view_type=search&rec_idx=49437733&location=ts&searchword=%EC%9E%90%EB%B0%94&searchType=search&paid_fl=n&search_uuid=24ae908e-bb94-4dc6-b186-91e308e6f6a5,서울영등포구,경력2년↑,학력무관,정규직,채용시,"Javascript,Java,웹개발,React,Spring외등록일 24/11/20",
㈜지트파워,JAVA 개발자 경력사원 모집 공고 - 정규직,https://www.saramin.co.kr/zf_user/jobs/relay/view?view_type=search&rec_idx=49498510&location=ts&searchword=%EC%9E%90%EB%B0%94&searchType=search&paid_fl=n&search_uuid=24ae908e-bb94-4dc6-b186-91e308e6f6a5,서울금천구,경력3년↑,초대졸↑,정규직,~ 12/29(일),"Java,웹개발,솔루션,R,솔루션업체외수정일 24/11/29",
세기정보통신(주),"공공 java,jsp,oracle 개발 및 유지관리",https://www.saramin.co.kr/zf_user/jobs/relay/view?view_type=search&rec_idx=49533830&location=ts&searchword=%EC%9E%90%EB%B0%94&searchType=search&paid_fl=n&search_uuid=24ae908e-bb94-4dc6-b186-91e308e6f6a5,서울마포구,경력 2~4년,대졸↑,정규직,~ 01/14(화),"Java,백엔드/서버개발,유지보수,JSP,S/W외등록일 24/12/05","3,400 만원"
(주)아리모아,JAVA / JSP 웹개발 경력직 채용..,https://www.saramin.co.kr/zf_user/jobs/relay/view?view_type=search&rec_idx=49561976&location=ts&searchword=%EC%9E%90%EB%B0%94&searchType=search&paid_fl=n&search_uuid=24ae908e-bb94-4dc6-b186-91e308e6f6a5,부산연제구,경력3년↑,초대졸↑,정규직,~ 01/09(목),"Java,웹개발,Spring,유지보수,JSP외등록일 24/12/10",
(주)아이서티,JAVA웹개발자(경력직) 채용,https://www.saramin.co.kr/zf_user/jobs/relay/view?view_type=search&rec_idx=49563768&location=ts&searchword=%EC%9E%90%EB%B0%94&searchType=search&paid_fl=n&search_uuid=24ae908e-bb94-4dc6-b186-91e308e6f6a5,서울성동구,경력3년↑,초대졸↑,정규직,~ 01/09(목),"Java,웹개발,Spring,유지보수,JSP외등록일 24/12/10",
(주)리드포인트시스템,[블록체인] 리드포인트시스템[인천] JAVA (경력),https://www.saramin.co.kr/zf_user/jobs/relay/view?view_type=search&rec_idx=49259709&location=ts&searchword=%EC%9E%90%EB%B0%94&searchType=search&paid_fl=n&search_uuid=24ae908e-bb94-4dc6-b186-91e308e6f6a5,인천연수구,경력무관,대졸↑,정규직,~ 12/23(월),"Java,React,백엔드/서버개발,TypeScript,Spring외등록일 24/10/24",
(주)페르소나에이아이,AI음성 솔루션 Java개발자 채용,https://www.saramin.co.kr/zf_user/jobs/relay/view?view_type=search&rec_idx=49342385&location=ts&searchword=%EC%9E%90%EB%B0%94&searchType=search&paid_fl=n&search_uuid=24ae908e-bb94-4dc6-b186-91e308e6f6a5,서울강남구,경력 5~10년,학력무관,정규직,~ 01/04(토),"Java,프론트엔드,웹개발,백엔드/서버개발,Spring외수정일 24/12/06",
㈜세일코리아넷,"[정규직] 웹개발자 (PHP, JAVA) 경력직 모집",https://www.saramin.co.kr/zf_user/jobs/relay/view?view_type=search&rec_idx=49417902&location=ts&searchword=%EC%9E%90%EB%B0%94&searchType=search&paid_fl=n&search_uuid=24ae908e-bb94-4dc6-b186-91e308e6f6a5,서울영등포구,경력 2~4년,초대졸↑,정규직,~ 01/17(금),"Java,웹개발,유지보수,MySQL,JSP외등록일 24/11/18",
(주)위우너스,"전자정부프레임워크, JAVA/JSP/WebSquare  웹개발자 채용(경력)",https://www.saramin.co.kr/zf_user/jobs/relay/view?view_type=search&rec_idx=49448617&location=ts&searchword=%EC%9E%90%EB%B0%94&searchType=search&paid_fl=n&search_uuid=24ae908e-bb94-4dc6-b186-91e308e6f6a5,부산강서구,경력 5~10년,학력무관,정규직·프리랜서,~ 12/21(토),"Javascript,Java,프론트엔드,웹개발,React외수정일 24/11/22",
㈜코어테크놀로지,2021년 대전 공공 SI JAVA 개발자 2명 모집,https://www.saramin.co.kr/zf_user/jobs/relay/view?view_type=search&rec_idx=49441934&location=ts&searchword=%EC%9E%90%EB%B0%94&searchType=search&paid_fl=n&search_uuid=9623c421-c442-4ec8-8125-89075ef49af0,세종특별자치시,경력1년↑,초대졸↑,정규직·프리랜서,~ 12/21(토),"Java,웹개발,소프트웨어개발등록일 24/11/21",
(주)리드포인트시스템,"[전주]SI 공공프로젝트 JAVA 개발자 (신입,경력)",https://www.saramin.co.kr/zf_user/jobs/relay/view?view_type=search&rec_idx=49511081&location=ts&searchword=%EC%9E%90%EB%B0%94&searchType=search&paid_fl=n&search_uuid=9623c421-c442-4ec8-8125-89075ef49af0,전북전주시 덕진구,경력무관,대졸↑,정규직,~ 12/31(화),"Java,프론트엔드,웹개발,React,백엔드/서버개발외등록일 24/12/02",
나라아이넷(주),JAVA/JSP 개발 및 운영 인력 채용,https://www.saramin.co.kr/zf_user/jobs/relay/view?view_type=search&rec_idx=49508287&location=ts&searchword=%EC%9E%90%EB%B0%94&searchType=search&paid_fl=n&search_uuid=9623c421-c442-4ec8-8125-89075ef49af0,대전유성구,경력4년↑,초대졸↑,정규직,채용시,"Java,웹개발,JSP,시스템관리,솔루션업체외등록일 24/12/02",
(주)핀솔정보,보험사/JAVA/DevOn/Oracle개발자,https://www.saramin.co.kr/zf_user/jobs/relay/view?view_type=search&rec_idx=49539994&location=ts&searchword=%EC%9E%90%EB%B0%94&searchType=search&paid_fl=n&search_uuid=9623c421-c442-4ec8-8125-89075ef49af0,서울중구,경력 3~7년,학력무관,정규직·프리랜서,~ 01/05(일),"Java,웹개발,백엔드/서버개발,유지보수,소프트웨어개발등록일 24/12/06",
(주)기원테크,웹개발&솔루션&Java&JSP 정규직 채용(경력),https://www.saramin.co.kr/zf_user/jobs/relay/view?view_type=search&rec_idx=49234160&location=ts&searchword=%EC%9E%90%EB%B0%94&searchType=search&paid_fl=n&search_uuid=9623c421-c442-4ec8-8125-89075ef49af0,서울구로구,경력 1~10년,학력무관,정규직,~ 12/20(금),"Java,웹개발,솔루션,JSP,SI·시스템통합외등록일 24/10/21",
(주)디노밴,C언어/JAVA 통신 솔루션 개발자 경력자 모집,https://www.saramin.co.kr/zf_user/jobs/relay/view?view_type=search&rec_idx=49309264&location=ts&searchword=%EC%9E%90%EB%B0%94&searchType=search&paid_fl=n&search_uuid=9623c421-c442-4ec8-8125-89075ef49af0,서울구로구,경력 2~15년,학력무관,정규직,상시채용,"Javascript,Java,프론트엔드,백엔드/서버개발,Spring외수정일 24/11/13",
(주)아이웨이,2024년 (주)아이웨이 개발(JAVA개발자) 경력 및 신입 모집 공고,https://www.saramin.co.kr/zf_user/jobs/relay/view?view_type=search&rec_idx=49334587&location=ts&searchword=%EC%9E%90%EB%B0%94&searchType=search&paid_fl=n&search_uuid=9623c421-c442-4ec8-8125-89075ef49af0,경기안양시 동안구,신입·경력,초대졸↑,정규직,채용시,"Java,프론트엔드,백엔드/서버개발,SI개발,SI·시스템통합외수정일 24/11/12",
(주)삼인시스템,"웹개발 - JAVA, SPRING - 경력자 채용",https://www.saramin.co.kr/zf_user/jobs/relay/view?view_type=search&rec_idx=49398869&location=ts&searchword=%EC%9E%90%EB%B0%94&searchType=search&paid_fl=n&search_uuid=9623c421-c442-4ec8-8125-89075ef49af0,대구달서구,경력5년↑,초대졸↑,정규직,~ 01/13(월),"Java,웹개발,Spring,AWS,JPA외등록일 24/11/14",
(주)레드소프트,(주)레드소프트 JAVA 솔루션서버/웹개발 유지보수 경력사원 모집,https://www.saramin.co.kr/zf_user/jobs/relay/view?view_type=search&rec_idx=49415583&location=ts&searchword=%EC%9E%90%EB%B0%94&searchType=search&paid_fl=n&search_uuid=9623c421-c442-4ec8-8125-89075ef49af0,서울구로구,경력 4~10년,고졸↑,정규직,~ 12/18(수),"Javascript,Java,웹개발,HTML,솔루션외등록일 24/11/18",
(주)베스텔라랩,풀스택(Java) 개발자(전문연구요원가능),https://www.saramin.co.kr/zf_user/jobs/relay/view?view_type=search&rec_idx=49430386&location=ts&searchword=%EC%9E%90%EB%B0%94&searchType=search&paid_fl=n&search_uuid=9623c421-c442-4ec8-8125-89075ef49af0,경기전체,경력 2~10년,초대졸↑,정규직,~ 12/22(일),"Javascript,Java,프론트엔드,웹개발,React외등록일 24/11/19",
(주)데이터다이나믹스,정규 Java 개발자 (경력직/신입) 채용,https://www.saramin.co.kr/zf_user/jobs/relay/view?view_type=search&rec_idx=49433707&location=ts&searchword=%EC%9E%90%EB%B0%94&searchType=search&paid_fl=n&search_uuid=9623c421-c442-4ec8-8125-89075ef49af0,경기용인시 수지구,신입·경력,학력무관,정규직,~ 12/19(목),"Java,Spring,MySQL,Python,빅데이터외등록일 24/11/19",
모노얼라이언스주식회사,웹 개발자 (JAVA) 경력(정규직) /개발/운영/유지,https://www.saramin.co.kr/zf_user/jobs/relay/view?view_type=search&rec_idx=49434522&location=ts&searchword=%EC%9E%90%EB%B0%94&searchType=search&paid_fl=n&search_uuid=9623c421-c442-4ec8-8125-89075ef49af0,서울구로구,경력 4~6년,대졸↑,정규직,~ 12/31(화),"Java,프론트엔드,웹개발,React,백엔드/서버개발외등록일 24/11/20",
(주)엠브이소프텍,Java/eGovFrame/웹개발 정규직 경력 개발자 모집,https://www.saramin.co.kr/zf_user/jobs/relay/view?view_type=search&rec_idx=49464929&location=ts&searchword=%EC%9E%90%EB%B0%94&searchType=search&paid_fl=n&search_uuid=9623c421-c442-4ec8-8125-89075ef49af0,대전유성구,경력5년↑,학력무관,정규직,~ 12/25(수),"Java,프론트엔드,웹개발,백엔드/서버개발,MySQL외수정일 24/11/25",
(주)더웹스,JAVA/JSP 웹개발자(경력) 채용,https://www.saramin.co.kr/zf_user/jobs/relay/view?view_type=search&rec_idx=49488387&location=ts&searchword=%EC%9E%90%EB%B0%94&searchType=search&paid_fl=n&search_uuid=9623c421-c442-4ec8-8125-89075ef49af0,부산해운대구,경력2년↑,학력무관,정규직,~ 12/28(토),"Java,웹개발,JSP,소프트웨어개발등록일 24/11/28",
(주)모비젠,(주)모비젠 정부부처 시스템 운영 및 JAVA 웹 개발 PL 모집,https://www.saramin.co.kr/zf_user/jobs/relay/view?view_type=search&rec_idx=49515069&location=ts&searchword=%EC%9E%90%EB%B0%94&searchType=search&paid_fl=n&search_uuid=9623c421-c442-4ec8-8125-89075ef49af0,세종특별자치시,경력10년↑,대졸↑,정규직,~ 01/02(목),"Javascript,Java,프론트엔드,웹개발,Angular외수정일 24/12/03",
(주)알피네트웍스,2024년 JAVA (Vue.JS) 웹개발 모집,https://www.saramin.co.kr/zf_user/jobs/relay/view?view_type=search&rec_idx=49541169&location=ts&searchword=%EC%9E%90%EB%B0%94&searchType=search&paid_fl=n&search_uuid=9623c421-c442-4ec8-8125-89075ef49af0,서울금천구,경력5년↑,초대졸↑,정규직,~ 12/13(금),"Javascript,Java,프론트엔드,웹개발,React외등록일 24/12/06",
(주)파운트,[핀테크] 파운트 백엔드 엔지니어(JAVA),https://www.saramin.co.kr/zf_user/jobs/relay/view?view_type=search&rec_idx=49244342&location=ts&searchword=%EC%9E%90%EB%B0%94&searchType=search&paid_fl=n&search_uuid=9623c421-c442-4ec8-8125-89075ef49af0,서울중구,경력 2~8년,학력무관,정규직,채용시,"Java,백엔드/서버개발,MySQL,AWS,Jenkins외등록일 24/10/22",
(주)데이터누리,[데이터누리] JAVA 개발자 모집,https://www.saramin.co.kr/zf_user/jobs/relay/view?view_type=search&rec_idx=49390255&location=ts&searchword=%EC%9E%90%EB%B0%94&searchType=search&paid_fl=n&search_uuid=9623c421-c442-4ec8-8125-89075ef49af0,서울강서구,경력 3~10년,학력무관,정규직,채용시,"Java,Spring,솔루션,클라우드,SI·시스템통합외수정일 24/11/19",
케어네이션 주식회사,[CARENATION] Java 백엔드 개발자 모집,https://www.saramin.co.kr/zf_user/jobs/relay/view?view_type=search&rec_idx=49461617&location=ts&searchword=%EC%9E%90%EB%B0%94&searchType=search&paid_fl=n&search_uuid=9623c421-c442-4ec8-8125-89075ef49af0,서울강남구,경력3년↑,학력무관,정규직,상시채용,"Javascript,Java,CSS,HTML,Spring외수정일 24/11/25",
(주)엘빅스,JAVA 개발자 모집(경력),https://www.saramin.co.kr/zf_user/jobs/relay/view?view_type=search&rec_idx=49478290&location=ts&searchword=%EC%9E%90%EB%B0%94&searchType=search&paid_fl=n&search_uuid=9623c421-c442-4ec8-8125-89075ef49af0,서울강남구,경력4년↑,초대졸↑,정규직,~ 12/27(금),"Javascript,Java,웹개발,React,백엔드/서버개발외등록일 24/11/27",
(주)시아나,[정규직] JAVA/JSP개발자분을 모십니다.,https://www.saramin.co.kr/zf_user/jobs/relay/view?view_type=search&rec_idx=49509821&location=ts&searchword=%EC%9E%90%EB%B0%94&searchType=search&paid_fl=n&search_uuid=9623c421-c442-4ec8-8125-89075ef49af0,서울강남구,경력3년↑,초대졸↑,정규직,~ 01/01(수),"Java,웹개발,React,MySQL,JSP외등록일 24/12/02",
(주)신비,통합관제 JAVA 서버 초급 개발 경력자 모집,https://www.saramin.co.kr/zf_user/jobs/relay/view?view_type=search&rec_idx=49549941&location=ts&searchword=%EC%9E%90%EB%B0%94&searchType=search&paid_fl=n&search_uuid=9623c421-c442-4ec8-8125-89075ef49af0,서울영등포구,경력 3~5년,초대졸↑,정규직,~ 01/08(수),"Java,Spring,유지보수,빅데이터,Git외등록일 24/12/09",
(주)드림시큐리티,[백엔드/서버개발] JAVA개발 경력자 모집,https://www.saramin.co.kr/zf_user/jobs/relay/view?view_type=search&rec_idx=49512742&location=ts&searchword=%EC%9E%90%EB%B0%94&searchType=search&paid_fl=n&search_uuid=9623c421-c442-4ec8-8125-89075ef49af0,서울성동구,경력5년↑,초대졸↑,정규직,~ 01/31(금),"Java,프론트엔드,React,백엔드/서버개발,Spring외등록일 24/12/02",
스퀘어네트(주),Java 개발자 (PM급) 채용,https://www.saramin.co.kr/zf_user/jobs/relay/view?view_type=search&rec_idx=49541563&location=ts&searchword=%EC%9E%90%EB%B0%94&searchType=search&paid_fl=n&search_uuid=9623c421-c442-4ec8-8125-89075ef49af0,서울강남구,경력 12~20년,초대졸↑,정규직,진행예정,"Java,웹개발,Spring,솔루션,MySQL외등록일 24/12/06",
(주)투버미디어,웹 개발자 경력직 채용 (Spring/Java),https://www.saramin.co.kr/zf_user/jobs/relay/view?view_type=search&rec_idx=49216335&location=ts&searchword=%EC%9E%90%EB%B0%94&searchType=search&paid_fl=n&search_uuid=9623c421-c442-4ec8-8125-89075ef49af0,대구남구,경력2년↑,초대졸↑,정규직,~ 12/16(월),"Java,프론트엔드,웹개발,HTML,Spring외등록일 24/10/17",
(주)미소정보기술,[미소정보기술] JAVA/JSP 경력 개발자 모집(닷넷 가능자 우대),https://www.saramin.co.kr/zf_user/jobs/relay/view?view_type=search&rec_idx=49255748&location=ts&searchword=%EC%9E%90%EB%B0%94&searchType=search&paid_fl=n&search_uuid=9623c421-c442-4ec8-8125-89075ef49af0,서울강남구,경력 3~20년,초대졸↑,정규직,~ 12/22(일),"Javascript,Java,Spring,솔루션,JSP외수정일 24/11/25",
한국마이크로닉(주),"Java,Android 경력자 채용",https://www.saramin.co.kr/zf_user/jobs/relay/view?view_type=search&rec_idx=49447863&location=ts&searchword=%EC%9E%90%EB%B0%94&searchType=search&paid_fl=n&search_uuid=9623c421-c442-4ec8-8125-89075ef49af0,경기성남시 중원구,경력1년↑,초대졸↑,정규직,~ 01/20(월),"Javascript,Java,프론트엔드,웹개발,HTML외수정일 24/11/21",
유한테크노스(주),JAVA 웹개발 경력자 채용,https://www.saramin.co.kr/zf_user/jobs/relay/view?view_type=search&rec_idx=49544134&location=ts&searchword=%EC%9E%90%EB%B0%94&searchType=search&paid_fl=n&search_uuid=9623c421-c442-4ec8-8125-89075ef49af0,서울강서구,경력 3~15년,초대졸↑,정규직,~ 01/05(일),"Javascript,Java,웹개발,CSS,HTML외등록일 24/12/06",
브라더스비(주),"Node.js, Java, Vue.js 정규직 모집 공고 - 경력&신입",https://www.saramin.co.kr/zf_user/jobs/relay/view?view_type=search&rec_idx=49386673&location=ts&searchword=%EC%9E%90%EB%B0%94&searchType=search&paid_fl=n&search_uuid=9623c421-c442-4ec8-8125-89075ef49af0,서울관악구,경력무관,학력무관,정규직,내일마감,"Java,Node.js,Vue.js,소프트웨어개발수정일 24/11/12",
(주)유비소시어스,JAVA 개발자 채용(경력),https://www.saramin.co.kr/zf_user/jobs/relay/view?view_type=search&rec_idx=49480259&location=ts&searchword=%EC%9E%90%EB%B0%94&searchType=search&paid_fl=n&search_uuid=9623c421-c442-4ec8-8125-89075ef49af0,서울강남구,경력 3~15년,학력무관,정규직,내일마감,"Javascript,Java,프론트엔드,웹개발,CSS외등록일 24/11/27",
(주)웨이브,웹 개발자(JAVA) 정규직 경력 사원 채용 [서울 강남구],https://www.saramin.co.kr/zf_user/jobs/relay/view?view_type=search&rec_idx=49509360&location=ts&searchword=%EC%9E%90%EB%B0%94&searchType=search&paid_fl=n&search_uuid=9623c421-c442-4ec8-8125-89075ef49af0,서울강남구,경력3년↑,학력무관,정규직,~ 01/01(수),"Java,웹개발,Spring,유지보수,MySQL외등록일 24/12/02",
(주)아이쿠카,Java SpringBoot 백엔드 개발자 (5년 이상 경력),https://www.saramin.co.kr/zf_user/jobs/relay/view?view_type=search&rec_idx=49517797&location=ts&searchword=%EC%9E%90%EB%B0%94&searchType=search&paid_fl=n&search_uuid=9623c421-c442-4ec8-8125-89075ef49af0,서울마포구,경력 5~15년,대졸↑,정규직,~ 12/31(화),"Java,프론트엔드,웹개발,백엔드/서버개발,Spring외등록일 24/12/03",
(주)지구소프트,Java 웹개발 경력자 채용,https://www.saramin.co.kr/zf_user/jobs/relay/view?view_type=search&rec_idx=49537738&location=ts&searchword=%EC%9E%90%EB%B0%94&searchType=search&paid_fl=n&search_uuid=9623c421-c442-4ec8-8125-89075ef49af0,서울금천구,경력 2~10년,대졸↑,정규직,~ 01/04(토),"Javascript,Java,웹개발,CSS,HTML외등록일 24/12/05",
(주)미래아이씨티,금융기관 개발 운영 프로젝트 JAVA 개발자 모집,https://www.saramin.co.kr/zf_user/jobs/relay/view?view_type=search&rec_idx=49273608&location=ts&searchword=%EC%9E%90%EB%B0%94&searchType=search&paid_fl=n&search_uuid=9623c421-c442-4ec8-8125-89075ef49af0,서울영등포구,경력 4~20년,학력무관,정규직·계약직,~ 12/24(화),"Java,프론트엔드,웹개발,백엔드/서버개발,유지보수외등록일 24/10/25",
(주)유니포스,Java 웹프로그래머 경력 채용,https://www.saramin.co.kr/zf_user/jobs/relay/view?view_type=search&rec_idx=49312584&location=ts&searchword=%EC%9E%90%EB%B0%94&searchType=search&paid_fl=n&search_uuid=9623c421-c442-4ec8-8125-89075ef49af0,인천부평구,신입·경력,초대졸↑,정규직,~ 12/31(화),"Javascript,Java,웹개발,React,CSS외등록일 24/11/01",
(주)소프트넷,JAVA 개발자 채용,https://www.saramin.co.kr/zf_user/jobs/relay/view?view_type=search&rec_idx=49376362&location=ts&searchword=%EC%9E%90%EB%B0%94&searchType=search&paid_fl=n&search_uuid=9623c421-c442-4ec8-8125-89075ef49af0,서울강남구,경력 3~10년,초대졸↑,정규직,오늘마감,"Javascript,Java,프론트엔드,웹개발,React외등록일 24/11/11",
(주)누리어시스템,"[관리자 포털 시스템 구축] Java, jsp 개발자를 모십니다.",https://www.saramin.co.kr/zf_user/jobs/relay/view?view_type=search&rec_idx=49453901&location=ts&searchword=%EC%9E%90%EB%B0%94&searchType=search&paid_fl=n&search_uuid=9623c421-c442-4ec8-8125-89075ef49af0,경기용인시 기흥구,경력8년↑,초대졸↑,정규직·계약직,~ 12/22(일),"Javascript,Java,프론트엔드,웹개발,백엔드/서버개발외등록일 24/11/22",
(주)금도시스템,(경력 3년이상) 웹 개발자/표준프레임워크 /JAVA 프로그램,https://www.saramin.co.kr/zf_user/jobs/relay/view?view_type=search&rec_idx=49484172&location=ts&searchword=%EC%9E%90%EB%B0%94&searchType=search&paid_fl=n&search_uuid=9623c421-c442-4ec8-8125-89075ef49af0,대구북구,경력3년↑,대졸↑,정규직,상시채용,"Java,웹개발,HTML,SI·시스템통합,소프트웨어개발등록일 24/11/27",
비에스엔씨(주),"개발자모집(C#, SQL, JAVA, Spring, WEB)(인천)",https://www.saramin.co.kr/zf_user/jobs/relay/view?view_type=search&rec_idx=49506392&location=ts&searchword=%EC%9E%90%EB%B0%94&searchType=search&paid_fl=n&search_uuid=9623c421-c442-4ec8-8125-89075ef49af0,인천서구,신입·경력,대졸↑,정규직,~ 12/15(일),"Java,Spring,C#,ERP,SAP외등록일 24/12/02",
(주)소프트넷,"C#.NET, JAVA 경력 개발자 모집 (정규직)",https://www.saramin.co.kr/zf_user/jobs/relay/view?view_type=search&rec_idx=49526308&location=ts&searchword=%EC%9E%90%EB%B0%94&searchType=search&paid_fl=n&search_uuid=9623c421-c442-4ec8-8125-89075ef49af0,부산동구,경력1년↑,고졸↑,정규직,채용시,"Java,S/W,.NET,C++,소프트웨어개발등록일 24/12/04",
(주)파이오링크,"[코스닥 상장사] Linux,Python,Java,Api 개발자 모집(신입/경력)",https://www.saramin.co.kr/zf_user/jobs/relay/view?view_type=search&rec_idx=49458119&location=ts&searchword=%EC%9E%90%EB%B0%94&searchType=search&paid_fl=n&search_uuid=2e0c5e4d-8c5c-4114-ab91-2c4d62fa8ef9,서울금천구,신입·경력,초대졸↑,정규직,~ 12/31(화),"Java,프론트엔드,React,백엔드/서버개발,Spring외수정일 24/11/25",
(주)진코퍼레이션,"2024-3차) java, jsp, Nexacro 웹개발자 채용",https://www.saramin.co.kr/zf_user/jobs/relay/view?view_type=search&rec_idx=49489958&location=ts&searchword=%EC%9E%90%EB%B0%94&searchType=search&paid_fl=n&search_uuid=2e0c5e4d-8c5c-4114-ab91-2c4d62fa8ef9,서울금천구,신입·경력,초대졸↑,정규직,~ 01/27(월),"Java,프론트엔드,웹개발,백엔드/서버개발,JSP외등록일 24/11/28",
(주)케이지모빌리언스,"[KG모빌리언스] JAVA 웹, 응용 서비스 개발 및 운영 담당",https://www.saramin.co.kr/zf_user/jobs/relay/view?view_type=search&rec_idx=49496304&location=ts&searchword=%EC%9E%90%EB%B0%94&searchType=search&paid_fl=n&search_uuid=2e0c5e4d-8c5c-4114-ab91-2c4d62fa8ef9,서울중구,신입·경력,학력무관,정규직,~ 12/29(일),"Javascript,Java,웹개발,CSS,Spring외수정일 24/12/03",
이케이 주식회사,"[4.5일 자율근무] 웹개발(JAVA, LARAVEL, Vue 등) 채용",https://www.saramin.co.kr/zf_user/jobs/relay/view?view_type=search&rec_idx=49329505&location=ts&searchword=%EC%9E%90%EB%B0%94&searchType=search&paid_fl=n&search_uuid=2e0c5e4d-8c5c-4114-ab91-2c4d62fa8ef9,경기용인시 기흥구,신입·경력,학력무관,정규직,채용시,"Java,프론트엔드,웹개발,MySQL,앱개발외수정일 24/11/26",
(주)사조시스템즈,"IT 운영/개발 담당자 채용의 건(JAVA, ASP.NET)",https://www.saramin.co.kr/zf_user/jobs/relay/view?view_type=search&rec_idx=49534727&location=ts&searchword=%EC%9E%90%EB%B0%94&searchType=search&paid_fl=n&search_uuid=2e0c5e4d-8c5c-4114-ab91-2c4d62fa8ef9,서울서대문구,신입·경력,대졸↑,정규직,~ 12/15(일),"Javascript,Java,웹개발,Spring,MySQL외수정일 24/12/06",
이에스이(주),JAVA 개발자 신입 채용,https://www.saramin.co.kr/zf_user/jobs/relay/view?view_type=search&rec_idx=49446587&location=ts&searchword=%EC%9E%90%EB%B0%94&searchType=search&paid_fl=n&search_uuid=2e0c5e4d-8c5c-4114-ab91-2c4d62fa8ef9,경기성남시 분당구,신입,초대졸↑,정규직,~ 01/20(월),"Javascript,Java,웹개발,React,CSS외등록일 24/11/21",
(주)리드포인트시스템,"리드포인트시스템 [서울] JAVA 개발 모집 (신입,경력)",https://www.saramin.co.kr/zf_user/jobs/relay/view?view_type=search&rec_idx=49259674&location=ts&searchword=%EC%9E%90%EB%B0%94&searchType=search&paid_fl=n&search_uuid=2e0c5e4d-8c5c-4114-ab91-2c4d62fa8ef9,서울마포구,신입·경력,대졸↑,정규직,~ 12/23(월),"Java,프론트엔드,웹개발,React,백엔드/서버개발외등록일 24/10/24",
(주)이트리즈시스템,JAVA 기반 웹 개발자(SI/SM) 신입 채용,https://www.saramin.co.kr/zf_user/jobs/relay/view?view_type=search&rec_idx=49525748&location=ts&searchword=%EC%9E%90%EB%B0%94&searchType=search&paid_fl=n&search_uuid=2e0c5e4d-8c5c-4114-ab91-2c4d62fa8ef9,서울구로구,신입,고졸↑,정규직,채용시,"Java,프론트엔드,웹개발,백엔드/서버개발,솔루션외등록일 24/12/04",
마인드원(주),소프트웨어 개발 (Java&Python) 신입 및 경력 모집,https://www.saramin.co.kr/zf_user/jobs/relay/view?view_type=search&rec_idx=49559707&location=ts&searchword=%EC%9E%90%EB%B0%94&searchType=search&paid_fl=n&search_uuid=2e0c5e4d-8c5c-4114-ab91-2c4d62fa8ef9,서울강남구,신입,대졸↑,정규직,~ 01/09(목),"Java,웹개발,CSS,HTML,Spring외등록일 24/12/10",
(주)피코이노베이션,"Java, Spring 개발/물류영업/CS 매니저/영업 제휴/물류관리자",https://www.saramin.co.kr/zf_user/jobs/relay/view?view_type=search&rec_idx=49401344&location=ts&searchword=%EC%9E%90%EB%B0%94&searchType=search&paid_fl=n&search_uuid=2e0c5e4d-8c5c-4114-ab91-2c4d62fa8ef9,서울서초구,신입·경력,학력무관,정규직·계약직,~ 12/14(토),"Javascript,Java,프론트엔드,웹개발,HTML외수정일 24/11/29",
(주)티젠소프트,"[2024년 개발팀 공채] JAVA, JSP 개발자 신입,경력 모집",https://www.saramin.co.kr/zf_user/jobs/relay/view?view_type=search&rec_idx=49245788&location=ts&searchword=%EC%9E%90%EB%B0%94&searchType=search&paid_fl=n&search_uuid=2e0c5e4d-8c5c-4114-ab91-2c4d62fa8ef9,서울금천구,경력무관,초대졸↑,정규직,~ 12/21(토),"Java,Spring,솔루션,유지보수,JSP외수정일 24/10/22",
(주)지구소프트,Java 개발자 채용,https://www.saramin.co.kr/zf_user/jobs/relay/view?view_type=search&rec_idx=49537742&location=ts&searchword=%EC%9E%90%EB%B0%94&searchType=search&paid_fl=n&search_uuid=2e0c5e4d-8c5c-4114-ab91-2c4d62fa8ef9,서울금천구,신입,대졸↑,정규직,~ 01/04(토),"Javascript,Java,웹개발,CSS,Spring외등록일 24/12/05",
(주)이노스피치,JAVA웹개발자(신입~경력) 모집(서울 송파),https://www.saramin.co.kr/zf_user/jobs/relay/view?view_type=search&rec_idx=49396264&location=ts&searchword=%EC%9E%90%EB%B0%94&searchType=search&paid_fl=n&search_uuid=2e0c5e4d-8c5c-4114-ab91-2c4d62fa8ef9,서울송파구,경력무관,대졸↑,정규직,~ 12/13(금),"Javascript,Java,웹개발,Spring,솔루션외수정일 24/11/13","3,200 만원"
(주)위즈웍스,[개발자] JAVA/JSP 개발자 신입 / 경력직 채용,https://www.saramin.co.kr/zf_user/jobs/relay/view?view_type=search&rec_idx=49511604&location=ts&searchword=%EC%9E%90%EB%B0%94&searchType=search&paid_fl=n&search_uuid=2e0c5e4d-8c5c-4114-ab91-2c4d62fa8ef9,경기안양시 동안구,신입·경력,초대졸↑,정규직,~ 01/01(수),"Javascript,Java,프론트엔드,웹개발,React외등록일 24/12/02",
(주)와우인포텍,신입/경력 개발자 채용  (Java Web),https://www.saramin.co.kr/zf_user/jobs/relay/view?view_type=search&rec_idx=49538364&location=ts&searchword=%EC%9E%90%EB%B0%94&searchType=search&paid_fl=n&search_uuid=2e0c5e4d-8c5c-4114-ab91-2c4d62fa8ef9,서울금천구,신입·경력,대졸↑,정규직,~ 12/31(화),"Java,웹개발,React,Spring,OracleDB외등록일 24/12/06",
(주)스노우온카드,JAVA 서버 개발자 채용,https://www.saramin.co.kr/zf_user/jobs/relay/view?view_type=search&rec_idx=49365381&location=ts&searchword=%EC%9E%90%EB%B0%94&searchType=search&paid_fl=n&search_uuid=2e0c5e4d-8c5c-4114-ab91-2c4d62fa8ef9,서울용산구,경력무관,초대졸↑,정규직,채용시,"Java,React,백엔드/서버개발,Spring,솔루션외등록일 24/11/08",
(주)크리에이티브소프트,JAVA 서버 신입/경력 개발자 지원 부분,https://www.saramin.co.kr/zf_user/jobs/relay/view?view_type=search&rec_idx=49535242&location=ts&searchword=%EC%9E%90%EB%B0%94&searchType=search&paid_fl=n&search_uuid=2e0c5e4d-8c5c-4114-ab91-2c4d62fa8ef9,서울동작구,신입·경력,초대졸↑,정규직,~ 01/04(토),"Java,프론트엔드,웹개발,React,HTML외등록일 24/12/05",
㈜칸테크,ORACLE/PYTHON/JAVA/SQL 개발자 모집,https://www.saramin.co.kr/zf_user/jobs/relay/view?view_type=search&rec_idx=49545109&location=ts&searchword=%EC%9E%90%EB%B0%94&searchType=search&paid_fl=n&search_uuid=2e0c5e4d-8c5c-4114-ab91-2c4d62fa8ef9,서울강남구,경력무관,초대졸↑,정규직,~ 01/05(일),"Javascript,Java,웹개발,CSS,HTML외등록일 24/12/06",
(주)상상이음,JAVA/JSP/전자정부프레임워크 개발자,https://www.saramin.co.kr/zf_user/jobs/relay/view?view_type=search&rec_idx=49551136&location=ts&searchword=%EC%9E%90%EB%B0%94&searchType=search&paid_fl=n&search_uuid=2e0c5e4d-8c5c-4114-ab91-2c4d62fa8ef9,충남홍성군,경력무관,학력무관,정규직·계약직,~ 01/08(수),"Java,웹개발,Spring,유지보수,JSP외수정일 24/12/09",
알리엑스,"결제시스템 Java, Jsp 신입 개발자 채용(금융권 경험자 우대)",https://www.saramin.co.kr/zf_user/jobs/relay/view?view_type=search&rec_idx=49235245&location=ts&searchword=%EC%9E%90%EB%B0%94&searchType=search&paid_fl=n&search_uuid=2e0c5e4d-8c5c-4114-ab91-2c4d62fa8ef9,서울강남구,신입,학력무관,정규직,채용시,"Javascript,Java,웹개발,React,Spring외등록일 24/10/21",
(주)비전브이아이텍,"[웹개발] 경력,신입사원(JAVA)정직원을 모집 함.",https://www.saramin.co.kr/zf_user/jobs/relay/view?view_type=search&rec_idx=49427640&location=ts&searchword=%EC%9E%90%EB%B0%94&searchType=search&paid_fl=n&search_uuid=2e0c5e4d-8c5c-4114-ab91-2c4d62fa8ef9,서울구로구,경력무관,대졸↑,정규직·계약직,~ 01/18(토),"Java,웹개발,React,TypeScript,Spring외등록일 24/11/19",
(주)모은넷,기술연구소 SW개발자 채용 (JAVA/C#/.NET),https://www.saramin.co.kr/zf_user/jobs/relay/view?view_type=search&rec_idx=49450374&location=ts&searchword=%EC%9E%90%EB%B0%94&searchType=search&paid_fl=n&search_uuid=2e0c5e4d-8c5c-4114-ab91-2c4d62fa8ef9,경기수원시 영통구,경력무관,대졸↑,정규직,~ 12/22(일),"Javascript,Java,프론트엔드,웹개발,HTML외수정일 24/12/09","3,500 만원"
(주)넥스트아이씨티,java/jsp 신입 SI개발자 모집,https://www.saramin.co.kr/zf_user/jobs/relay/view?view_type=search&rec_idx=49518815&location=ts&searchword=%EC%9E%90%EB%B0%94&searchType=search&paid_fl=n&search_uuid=2e0c5e4d-8c5c-4114-ab91-2c4d62fa8ef9,서울구로구,신입,고졸↑,정규직,채용시,"Java,웹개발,Spring,솔루션,JSP외등록일 24/12/03",
주식회사 사이언스소프트,JAVA 프로그래머 채용 (신입/경력),https://www.saramin.co.kr/zf_user/jobs/relay/view?view_type=search&rec_idx=49522376&location=ts&searchword=%EC%9E%90%EB%B0%94&searchType=search&paid_fl=n&search_uuid=2e0c5e4d-8c5c-4114-ab91-2c4d62fa8ef9,서울강서구,경력무관,학력무관,계약직,~ 01/02(목),"Javascript,Java,웹개발,백엔드/서버개발,Spring외등록일 24/12/03",
주식회사 지티유솔루션,[정규직]신입/초급 Java/Jquery 개발자 채용합니다.,https://www.saramin.co.kr/zf_user/jobs/relay/view?view_type=search&rec_idx=49537728&location=ts&searchword=%EC%9E%90%EB%B0%94&searchType=search&paid_fl=n&search_uuid=2e0c5e4d-8c5c-4114-ab91-2c4d62fa8ef9,경기성남시 분당구,신입·경력,초대졸↑,정규직,~ 02/03(월),"Java,웹개발,CSS,HTML,Spring외등록일 24/12/05",
플러거,마켓빌리 JAVA / DBA / TA / AA / PYTHON Recruitment,https://www.saramin.co.kr/zf_user/jobs/relay/view?view_type=search&rec_idx=49463011&location=ts&searchword=%EC%9E%90%EB%B0%94&searchType=search&paid_fl=n&search_uuid=2e0c5e4d-8c5c-4114-ab91-2c4d62fa8ef9,서울강남구,경력무관,학력무관,정규직·계약직,~ 12/25(수),"Javascript,Java,React,TypeScript,Spring외등록일 24/11/25",
(주)넥스트그라운드,백엔드 개발자 (Java) 전환형 인턴 채용,https://www.saramin.co.kr/zf_user/jobs/relay/view?view_type=search&rec_idx=49454055&location=ts&searchword=%EC%9E%90%EB%B0%94&searchType=search&paid_fl=n&search_uuid=2e0c5e4d-8c5c-4114-ab91-2c4d62fa8ef9,서울강남구,경력무관,학력무관,인턴직,~ 12/19(목),"Java,백엔드/서버개발,Spring,MySQL,인프라외수정일 24/12/04",
주식회사 에이데이타,JAVA Back-End 개발자 정규직(신입) 채용,https://www.saramin.co.kr/zf_user/jobs/relay/view?view_type=search&rec_idx=49490073&location=ts&searchword=%EC%9E%90%EB%B0%94&searchType=search&paid_fl=n&search_uuid=2e0c5e4d-8c5c-4114-ab91-2c4d62fa8ef9,서울성동구,경력무관,대졸↑,정규직,~ 12/13(금),"Javascript,Java,백엔드/서버개발,Spring,솔루션외등록일 24/11/28","3,400 만원"
(주)와이즈캔,(주)와이즈캔 JAVA 웹 개발자 채용(신입 및 경력),https://www.saramin.co.kr/zf_user/jobs/relay/view?view_type=search&rec_idx=49482405&location=ts&searchword=%EC%9E%90%EB%B0%94&searchType=search&paid_fl=n&search_uuid=2e0c5e4d-8c5c-4114-ab91-2c4d62fa8ef9,서울강남구,경력무관,학력무관,정규직,~ 12/27(금),"Java,웹개발,API,솔루션업체,소프트웨어개발수정일 24/11/27",
(주)야놀자,Software Engineer - Java / Oneday Interview,https://www.saramin.co.kr/zf_user/jobs/relay/view?view_type=search&rec_idx=49439285&location=ts&searchword=%EC%9E%90%EB%B0%94&searchType=search&paid_fl=n&search_uuid=2e0c5e4d-8c5c-4114-ab91-2c4d62fa8ef9,서울강남구,경력 2~10년,학력무관,정규직,~ 12/23(월),"Java,웹개발,백엔드/서버개발,Spring,S/W외등록일 24/11/20",
네이버시스템(주),경남지역 교통시스템(BIS/BMS/ITS) 기획/운영/개발자(JAVA) 채용,https://www.saramin.co.kr/zf_user/jobs/relay/view?view_type=search&rec_idx=49360474&location=ts&searchword=%EC%9E%90%EB%B0%94&searchType=search&paid_fl=n&search_uuid=2e0c5e4d-8c5c-4114-ab91-2c4d62fa8ef9,경남창원시,경력무관,초대졸↑,정규직,~ 12/27(금),"Java,프론트엔드,웹개발,HTML,백엔드/서버개발외등록일 24/11/08",
삼양데이타시스템(주),JAVA 개발 인력 채용(물류시스템 운영),https://www.saramin.co.kr/zf_user/jobs/relay/view?view_type=search&rec_idx=49422598&location=ts&searchword=%EC%9E%90%EB%B0%94&searchType=search&paid_fl=n&search_uuid=2e0c5e4d-8c5c-4114-ab91-2c4d62fa8ef9,서울종로구,경력무관,학력무관,정규직,채용시,"Java,Spring,MSSQL,MyBatis,SpringBoot외수정일 24/11/19",
엔에이치엔(주),[NHN Enterprise] PHP 및 Java 백엔드 개발,https://www.saramin.co.kr/zf_user/jobs/relay/view?view_type=search&rec_idx=49512720&location=ts&searchword=%EC%9E%90%EB%B0%94&searchType=search&paid_fl=n&search_uuid=2e0c5e4d-8c5c-4114-ab91-2c4d62fa8ef9,경기성남시 분당구,경력8년↑,학력무관,정규직,채용시,"Java,백엔드/서버개발,PaaS,PHP,소프트웨어개발수정일 24/12/02",
디포커스(주),"웹개발자 (C#, Java) 신입 / 경력 정규직 채용 (서울 본사 상주)",https://www.saramin.co.kr/zf_user/jobs/relay/view?view_type=search&rec_idx=49460135&location=ts&searchword=%EC%9E%90%EB%B0%94&searchType=search&paid_fl=n&search_uuid=2e0c5e4d-8c5c-4114-ab91-2c4d62fa8ef9,서울성동구,경력2년↑,초대졸↑,정규직,~ 12/25(수),"Javascript,Java,프론트엔드,웹개발,React외수정일 24/11/25",
(주)엑셈,[코스닥상장사]Java 백엔드 개발자 채용(1년 이상),https://www.saramin.co.kr/zf_user/jobs/relay/view?view_type=search&rec_idx=49408180&location=ts&searchword=%EC%9E%90%EB%B0%94&searchType=search&paid_fl=n&search_uuid=2e0c5e4d-8c5c-4114-ab91-2c4d62fa8ef9,서울강서구,경력 1~2년,초대졸↑,정규직,채용시,"Java,백엔드/서버개발,Spring,API,RDBMS외등록일 24/11/15",
(주)캐럿글로벌,JAVA 웹개발자 채용,https://www.saramin.co.kr/zf_user/jobs/relay/view?view_type=search&rec_idx=49505373&location=ts&searchword=%EC%9E%90%EB%B0%94&searchType=search&paid_fl=n&search_uuid=2e0c5e4d-8c5c-4114-ab91-2c4d62fa8ef9,서울서초구,경력 2~15년,초대졸↑,정규직,~ 12/31(화),"Java,프론트엔드,웹개발,백엔드/서버개발,Spring외등록일 24/12/02",
(주)티사이언티픽,JAVA 개발자 채용,https://www.saramin.co.kr/zf_user/jobs/relay/view?view_type=search&rec_idx=49531756&location=ts&searchword=%EC%9E%90%EB%B0%94&searchType=search&paid_fl=n&search_uuid=2e0c5e4d-8c5c-4114-ab91-2c4d62fa8ef9,서울동작구,경력 3~10년,학력무관,정규직,~ 01/03(금),"Javascript,Java,프론트엔드,웹개발,백엔드/서버개발외등록일 24/12/05",
(주)키스템프그룹,[Java개발자] 에너지 대시보드/모니터링(IoT데이터),https://www.saramin.co.kr/zf_user/jobs/relay/view?view_type=search&rec_idx=49550737&location=ts&searchword=%EC%9E%90%EB%B0%94&searchType=search&paid_fl=n&search_uuid=2e0c5e4d-8c5c-4114-ab91-2c4d62fa8ef9,서울영등포구,경력 4~12년,초대졸↑,정규직,~ 12/24(화),"Java,웹개발,백엔드/서버개발,Spring,솔루션외등록일 24/12/09",
젬텍(주),Java / Web 개발자 모집,https://www.saramin.co.kr/zf_user/jobs/relay/view?view_type=search&rec_idx=49506301&location=ts&searchword=%EC%9E%90%EB%B0%94&searchType=search&paid_fl=n&search_uuid=2e0c5e4d-8c5c-4114-ab91-2c4d62fa8ef9,서울강남구,경력3년↑,초대졸↑,정규직,~ 01/31(금),"Java,웹개발,React,Spring,유지보수외등록일 24/12/02",
(주)아이디정보시스템,[구미] JAVA 개발 경력직 개발자 모집,https://www.saramin.co.kr/zf_user/jobs/relay/view?view_type=search&rec_idx=49550667&location=ts&searchword=%EC%9E%90%EB%B0%94&searchType=search&paid_fl=n&search_uuid=2e0c5e4d-8c5c-4114-ab91-2c4d62fa8ef9,대구수성구,경력8년↑,초대졸↑,계약직,채용시,"Java,.NET,C#,R,SI·시스템통합외등록일 24/12/09",
(주)시루정보,각 부문(Java 개발/Full stack 개발/아키텍트/기획/영업) 채용,https://www.saramin.co.kr/zf_user/jobs/relay/view?view_type=search&rec_idx=49439228&location=ts&searchword=%EC%9E%90%EB%B0%94&searchType=search&paid_fl=n&search_uuid=b4a0bde8-d0ed-499b-a7fd-2d64036d059f,서울중구,경력,학력무관,정규직·계약직,~ 12/19(목),"Javascript,Java,웹개발,Spring,솔루션외수정일 24/12/04",
㈜이씨마이너,연구소 빅데이터분석/AI솔루션개발자/Java 개발자 모집,https://www.saramin.co.kr/zf_user/jobs/relay/view?view_type=search&rec_idx=49420870&location=ts&searchword=%EC%9E%90%EB%B0%94&searchType=search&paid_fl=n&search_uuid=b4a0bde8-d0ed-499b-a7fd-2d64036d059f,서울강남구,경력무관,대졸↑,정규직,~ 01/17(금),"Javascript,Java,CSS,HTML,네트워크외수정일 24/11/18","3,500 만원"
(주)핀다,금융상품 연동 개발자 (Java/Kotlin),https://www.saramin.co.kr/zf_user/jobs/relay/view?view_type=search&rec_idx=49451825&location=ts&searchword=%EC%9E%90%EB%B0%94&searchType=search&paid_fl=n&search_uuid=b4a0bde8-d0ed-499b-a7fd-2d64036d059f,서울강남구,경력 3~7년,고졸↑,정규직,~ 12/21(토),"Java,Spring,유지보수,MySQL,Git외수정일 24/11/22",
(주)메디오피아테크,(일본어가능) Java Web 경력 사원 (JAVA) 채용,https://www.saramin.co.kr/zf_user/jobs/relay/view?view_type=search&rec_idx=49475909&location=ts&searchword=%EC%9E%90%EB%B0%94&searchType=search&paid_fl=n&search_uuid=b4a0bde8-d0ed-499b-a7fd-2d64036d059f,서울강남구,경력 4~20년,초대졸↑,정규직,~ 01/25(토),"Javascript,Java,프론트엔드,웹개발,HTML외수정일 24/12/06",
넥시큐어시스템테크놀로지 주식회사,[포스코/판교] 시스템운영(JAVA 개발) 신입/경력 모집,https://www.saramin.co.kr/zf_user/jobs/relay/view?view_type=search&rec_idx=49465024&location=ts&searchword=%EC%9E%90%EB%B0%94&searchType=search&paid_fl=n&search_uuid=b4a0bde8-d0ed-499b-a7fd-2d64036d059f,경기성남시 분당구,신입,대졸↑,정규직,~ 01/24(금),"Java,웹개발,솔루션,유지보수,기술지원외수정일 24/11/25",
(주)베스티안소프트,[Java] JAVA & JSP 웹프로그램 개발자 모집,https://www.saramin.co.kr/zf_user/jobs/relay/view?view_type=search&rec_idx=49479698&location=ts&searchword=%EC%9E%90%EB%B0%94&searchType=search&paid_fl=n&search_uuid=b4a0bde8-d0ed-499b-a7fd-2d64036d059f,서울용산구,경력1년↑,초대졸↑,정규직·프리랜서,~ 12/27(금),"Javascript,Java,프론트엔드,React,CSS외수정일 24/11/27",
(주)인피아드,[신입/경력] JAVA 웹 개발자 모집,https://www.saramin.co.kr/zf_user/jobs/relay/view?view_type=search&rec_idx=49490210&location=ts&searchword=%EC%9E%90%EB%B0%94&searchType=search&paid_fl=n&search_uuid=b4a0bde8-d0ed-499b-a7fd-2d64036d059f,경기안양시 동안구,신입·경력,초대졸↑,정규직,채용시,"Javascript,Java,웹개발,백엔드/서버개발,Spring외수정일 24/11/28",
(주)싸인랩,java&spring 유지보수 사원 채용 - 정규직,https://www.saramin.co.kr/zf_user/jobs/relay/view?view_type=search&rec_idx=49544615&location=ts&searchword=%EC%9E%90%EB%B0%94&searchType=search&paid_fl=n&search_uuid=b4a0bde8-d0ed-499b-a7fd-2d64036d059f,부산부산진구,경력무관,학력무관,정규직,~ 01/05(일),"Java,Spring,유지보수,SI·시스템통합,솔루션업체외등록일 24/12/06",
(주)인라이플,[주4.5일] Back end Developer(JAVA) 채용,https://www.saramin.co.kr/zf_user/jobs/relay/view?view_type=search&rec_idx=49234725&location=ts&searchword=%EC%9E%90%EB%B0%94&searchType=search&paid_fl=n&search_uuid=b4a0bde8-d0ed-499b-a7fd-2d64036d059f,서울구로구,경력 5~15년,학력무관,정규직,상시채용,"Javascript,Java,프론트엔드,웹개발,백엔드/서버개발외수정일 24/11/12",
(주)이지미디어,웹/모바일 JAVA 개발자 경력직 모집(개발팀),https://www.saramin.co.kr/zf_user/jobs/relay/view?view_type=search&rec_idx=49504344&location=ts&searchword=%EC%9E%90%EB%B0%94&searchType=search&paid_fl=n&search_uuid=b4a0bde8-d0ed-499b-a7fd-2d64036d059f,서울구로구,경력3년↑,초대졸↑,정규직,~ 12/31(화),"Java,프론트엔드,웹개발,백엔드/서버개발,Spring외수정일 24/12/02",
(주)에스브릿지,오픈마켓 플랫폼 Java 백엔드 경력 개발자 채용합니다(선정릉역),https://www.saramin.co.kr/zf_user/jobs/relay/view?view_type=search&rec_idx=49218715&location=ts&searchword=%EC%9E%90%EB%B0%94&searchType=search&paid_fl=n&search_uuid=b4a0bde8-d0ed-499b-a7fd-2d64036d059f,서울강남구,경력 2~15년,초대졸↑,정규직,~ 12/16(월),"Java,프론트엔드,웹개발,React,백엔드/서버개발외수정일 24/11/06",
(주)인우기술,자사 솔루션 JAVA 개발자(경력직) 모집,https://www.saramin.co.kr/zf_user/jobs/relay/view?view_type=search&rec_idx=49496564&location=ts&searchword=%EC%9E%90%EB%B0%94&searchType=search&paid_fl=n&search_uuid=b4a0bde8-d0ed-499b-a7fd-2d64036d059f,서울송파구,경력3년↑,대졸↑,정규직·계약직,~ 12/29(일),"Java,프론트엔드,웹개발,React,백엔드/서버개발외수정일 24/11/29",
(주)에이티소프트,"C++, Java 응용프로그램 개발 신입 및 경력 채용",https://www.saramin.co.kr/zf_user/jobs/relay/view?view_type=search&rec_idx=49359248&location=ts&searchword=%EC%9E%90%EB%B0%94&searchType=search&paid_fl=n&search_uuid=b4a0bde8-d0ed-499b-a7fd-2d64036d059f,서울금천구,경력무관,초대졸↑,정규직,~ 12/31(화),"Java,솔루션,C++,C언어,Tomcat외등록일 24/11/07",
(주)레브웨어,JAVA 개발 경력자 모집,https://www.saramin.co.kr/zf_user/jobs/relay/view?view_type=search&rec_idx=49515385&location=ts&searchword=%EC%9E%90%EB%B0%94&searchType=search&paid_fl=n&search_uuid=b4a0bde8-d0ed-499b-a7fd-2d64036d059f,서울구로구,경력 2~5년,초대졸↑,정규직,~ 12/13(금),"Javascript,Java,웹개발,백엔드/서버개발,Spring외등록일 24/12/03",
(주)디어유,Payment 개발 담당자(JAVA 기반),https://www.saramin.co.kr/zf_user/jobs/relay/view?view_type=search&rec_idx=49516280&location=ts&searchword=%EC%9E%90%EB%B0%94&searchType=search&paid_fl=n&search_uuid=b4a0bde8-d0ed-499b-a7fd-2d64036d059f,서울강남구,경력 3~7년,대졸↑,정규직,~ 01/01(수),"Java,프론트엔드,웹개발,백엔드/서버개발,Spring외등록일 24/12/03",
쓰리피체인(주),솔루션 기반의 Java 개발자 채용(경력),https://www.saramin.co.kr/zf_user/jobs/relay/view?view_type=search&rec_idx=49507889&location=ts&searchword=%EC%9E%90%EB%B0%94&searchType=search&paid_fl=n&search_uuid=b4a0bde8-d0ed-499b-a7fd-2d64036d059f,서울서초구,경력 4~10년,대졸↑,정규직,채용시,"Java,웹개발,CSS,HTML,Spring외수정일 24/12/10",
주식회사 상생소프트,"웹개발 (JAVA, JSP) 신입/경력직 정규직&프리랜서 채용",https://www.saramin.co.kr/zf_user/jobs/relay/view?view_type=search&rec_idx=49392015&location=ts&searchword=%EC%9E%90%EB%B0%94&searchType=search&paid_fl=n&search_uuid=b4a0bde8-d0ed-499b-a7fd-2d64036d059f,서울송파구,경력무관,고졸↑,정규직·프리랜서,~ 12/13(금),"Java,프론트엔드,웹개발,HTML,백엔드/서버개발외등록일 24/11/13",
(주)누리어시스템,"[기술연구소] 솔루션(Java, jsp) 개발자 채용",https://www.saramin.co.kr/zf_user/jobs/relay/view?view_type=search&rec_idx=49489915&location=ts&searchword=%EC%9E%90%EB%B0%94&searchType=search&paid_fl=n&search_uuid=b4a0bde8-d0ed-499b-a7fd-2d64036d059f,경기하남시,경력4년↑,대졸↑,정규직,~ 12/28(토),"Javascript,Java,프론트엔드,웹개발,백엔드/서버개발외등록일 24/11/28",
비에스엔씨(주),"개발자모집(C#, SQL, JAVA, Spring, WEB)",https://www.saramin.co.kr/zf_user/jobs/relay/view?view_type=search&rec_idx=49506405&location=ts&searchword=%EC%9E%90%EB%B0%94&searchType=search&paid_fl=n&search_uuid=b4a0bde8-d0ed-499b-a7fd-2d64036d059f,서울강서구,신입·경력,대졸↑,정규직,~ 12/15(일),"Java,Spring,C#,ERP,SAP외등록일 24/12/02",
(주)유니포스,Java 웹프로그래머 신입 직원 채용 진행.,https://www.saramin.co.kr/zf_user/jobs/relay/view?view_type=search&rec_idx=49526477&location=ts&searchword=%EC%9E%90%EB%B0%94&searchType=search&paid_fl=n&search_uuid=b4a0bde8-d0ed-499b-a7fd-2d64036d059f,인천부평구,신입,초대졸↑,정규직,~ 01/03(금),"Java,웹개발,React,Spring,솔루션외등록일 24/12/04",
(주)누리어시스템,"[금융SM] 손해보험 운영 정규직 웹/앱 개발자 (Java, jsp)",https://www.saramin.co.kr/zf_user/jobs/relay/view?view_type=search&rec_idx=49535028&location=ts&searchword=%EC%9E%90%EB%B0%94&searchType=search&paid_fl=n&search_uuid=b4a0bde8-d0ed-499b-a7fd-2d64036d059f,서울서대문구,경력6년↑,초대졸↑,정규직,~ 01/04(토),"Javascript,Java,프론트엔드,웹개발,백엔드/서버개발외등록일 24/12/05",
(주)소프트넷,JAVA 개발자 채용,https://www.saramin.co.kr/zf_user/jobs/relay/view?view_type=search&rec_idx=49554172&location=ts&searchword=%EC%9E%90%EB%B0%94&searchType=search&paid_fl=n&search_uuid=b4a0bde8-d0ed-499b-a7fd-2d64036d059f,서울강남구,경력 3~10년,초대졸↑,정규직,진행예정,"Javascript,Java,프론트엔드,웹개발,React외등록일 24/12/09",
(주)금도시스템,"(경력 5년이상) 회계/급여 관련 JAVA 웹 개발자, 표준프레임워크",https://www.saramin.co.kr/zf_user/jobs/relay/view?view_type=search&rec_idx=49556543&location=ts&searchword=%EC%9E%90%EB%B0%94&searchType=search&paid_fl=n&search_uuid=b4a0bde8-d0ed-499b-a7fd-2d64036d059f,대구북구,경력5년↑,대졸↑,정규직,~ 01/08(수),"Java,웹개발,HTML,ERP,SI·시스템통합외수정일 24/12/09",
(주)누리어시스템,"[금융SI, SM] Java, JSP 웹 개발자를 모십니다.",https://www.saramin.co.kr/zf_user/jobs/relay/view?view_type=search&rec_idx=49559958&location=ts&searchword=%EC%9E%90%EB%B0%94&searchType=search&paid_fl=n&search_uuid=b4a0bde8-d0ed-499b-a7fd-2d64036d059f,경기하남시,경력5년↑,초대졸↑,정규직,~ 01/09(목),"Javascript,Java,프론트엔드,웹개발,백엔드/서버개발외등록일 24/12/10",
(주)유림정보시스템,"JAVA 웹개발자,비젼,협동로봇,3D프린팅 신입 및 경력 채용- 평택",https://www.saramin.co.kr/zf_user/jobs/relay/view?view_type=search&rec_idx=49443057&location=ts&searchword=%EC%9E%90%EB%B0%94&searchType=search&paid_fl=n&search_uuid=b4a0bde8-d0ed-499b-a7fd-2d64036d059f,경기평택시,경력무관,초대졸↑,정규직,~ 12/21(토),"Java,프론트엔드,웹개발,React,백엔드/서버개발외등록일 24/11/21",
트럼피아(주),Java Backend 서비스 개발자 모집,https://www.saramin.co.kr/zf_user/jobs/relay/view?view_type=search&rec_idx=49554886&location=ts&searchword=%EC%9E%90%EB%B0%94&searchType=search&paid_fl=n&search_uuid=b4a0bde8-d0ed-499b-a7fd-2d64036d059f,서울강남구,경력 3~12년,대졸↑,정규직,~ 01/08(수),"Javascript,Java,프론트엔드,웹개발,백엔드/서버개발외등록일 24/12/09",
(주)스카이앤드,(주)스카이앤드 경력 개발자 모집 / 백앤드(Spring/Java),https://www.saramin.co.kr/zf_user/jobs/relay/view?view_type=search&rec_idx=49552185&location=ts&searchword=%EC%9E%90%EB%B0%94&searchType=search&paid_fl=n&search_uuid=b4a0bde8-d0ed-499b-a7fd-2d64036d059f,서울강서구,경력3년↑,초대졸↑,정규직·계약직,~ 02/07(금),"Java,프론트엔드,React,백엔드/서버개발,TypeScript외등록일 24/12/09",
(주)지트,미래를 함께할 JAVA 웹개발자 신입 사원 채용,https://www.saramin.co.kr/zf_user/jobs/relay/view?view_type=search&rec_idx=49443071&location=ts&searchword=%EC%9E%90%EB%B0%94&searchType=search&paid_fl=n&search_uuid=b4a0bde8-d0ed-499b-a7fd-2d64036d059f,경기안양시 동안구,신입,초대졸↑,정규직,~ 01/18(토),"Java,웹개발,Spring,JSP,Ajax외등록일 24/11/21",
엔피로지스(주),"엔피로지스(주) 웹프로그래머(JAVA,JSP) 신입, 경력 채용",https://www.saramin.co.kr/zf_user/jobs/relay/view?view_type=search&rec_idx=49454706&location=ts&searchword=%EC%9E%90%EB%B0%94&searchType=search&paid_fl=n&search_uuid=b4a0bde8-d0ed-499b-a7fd-2d64036d059f,경기용인시 처인구,경력무관,초대졸↑,정규직,채용시,"Java,웹개발,백엔드/서버개발,유지보수,JSP외등록일 24/11/22",
소프트랩스,[JAVA 개발자] 백엔드/서버개발 경력직 모집,https://www.saramin.co.kr/zf_user/jobs/relay/view?view_type=search&rec_idx=49561723&location=ts&searchword=%EC%9E%90%EB%B0%94&searchType=search&paid_fl=n&search_uuid=b4a0bde8-d0ed-499b-a7fd-2d64036d059f,서울금천구,경력2년↑,학력무관,정규직·계약직,~ 01/09(목),"Java,웹개발,백엔드/서버개발,Spring,유지보수외등록일 24/12/10",
펑션투프로그래밍,신입 java 신입 및 경력 개발자 채용,https://www.saramin.co.kr/zf_user/jobs/relay/view?view_type=search&rec_idx=49384508&location=ts&searchword=%EC%9E%90%EB%B0%94&searchType=search&paid_fl=n&search_uuid=b4a0bde8-d0ed-499b-a7fd-2d64036d059f,서울금천구,경력무관,학력무관,정규직·프리랜서,내일마감,"Java,웹개발,HTML,OracleDB,SI·시스템통합등록일 24/11/12",
주식회사 코레토,[JAVA/경력]코레토와 함께할 백엔드 개발자를 모십니다.,https://www.saramin.co.kr/zf_user/jobs/relay/view?view_type=search&rec_idx=49417473&location=ts&searchword=%EC%9E%90%EB%B0%94&searchType=search&paid_fl=n&search_uuid=b4a0bde8-d0ed-499b-a7fd-2d64036d059f,서울강남구,경력 1~6년,초대졸↑,정규직,~ 12/18(수),"Java,백엔드/서버개발,Spring,솔루션,MySQL외등록일 24/11/18","3,300 만원"
(주)알앤씨소프트,공공 프로젝트 JAVA 개발자 채용,https://www.saramin.co.kr/zf_user/jobs/relay/view?view_type=search&rec_idx=49533519&location=ts&searchword=%EC%9E%90%EB%B0%94&searchType=search&paid_fl=n&search_uuid=b4a0bde8-d0ed-499b-a7fd-2d64036d059f,부산해운대구,경력 1~10년,학력무관,정규직,채용시,"Java,웹개발,백엔드/서버개발,솔루션,유지보수외수정일 24/12/05",
(주)링크올,[신입] 링크올 JAVA 웹 서비스 개발자  채용,https://www.saramin.co.kr/zf_user/jobs/relay/view?view_type=search&rec_idx=49352533&location=ts&searchword=%EC%9E%90%EB%B0%94&searchType=search&paid_fl=n&search_uuid=b4a0bde8-d0ed-499b-a7fd-2d64036d059f,경기안양시 동안구,신입,대졸↑,정규직,채용시,"Java,웹개발,백엔드/서버개발,Spring,JSP외등록일 24/11/07",
코드아이디어(주),[금요일 격주 휴무 / IT] JAVA 개발자 경력 / 상시 채용,https://www.saramin.co.kr/zf_user/jobs/relay/view?view_type=search&rec_idx=49426247&location=ts&searchword=%EC%9E%90%EB%B0%94&searchType=search&paid_fl=n&search_uuid=b4a0bde8-d0ed-499b-a7fd-2d64036d059f,서울강서구,경력1년↑,고졸↑,정규직·계약직,상시채용,"Javascript,Java,프론트엔드,웹개발,HTML외등록일 24/11/19",
(주)만들다컴퍼니,"지속 성장가능한 개발 인력 모집-Flutter,Python,JAVA,재택가능",https://www.saramin.co.kr/zf_user/jobs/relay/view?view_type=search&rec_idx=49472340&location=ts&searchword=%EC%9E%90%EB%B0%94&searchType=search&paid_fl=n&search_uuid=b4a0bde8-d0ed-499b-a7fd-2d64036d059f,경기안양시 동안구,경력무관,대졸↑,정규직,채용시,"Java,웹개발,백엔드/서버개발,Python,앱개발외수정일 24/11/26","3,000 만원"
(주)넥사코드,[JAVA]스타트업 빠른 성장과 대기업 안정성 둘다 잡고 싶다면,https://www.saramin.co.kr/zf_user/jobs/relay/view?view_type=search&rec_idx=49554926&location=ts&searchword=%EC%9E%90%EB%B0%94&searchType=search&paid_fl=n&search_uuid=b4a0bde8-d0ed-499b-a7fd-2d64036d059f,서울금천구,경력3년↑,대졸↑,정규직·계약직,~ 02/07(금),"Java,백엔드/서버개발,Spring,유지보수,PHP외수정일 24/12/09",
(주)유인시스,쌍용건설 ERP 운영 (Java 웹개발 경력자 모집),https://www.saramin.co.kr/zf_user/jobs/relay/view?view_type=search&rec_idx=49337434&location=ts&searchword=%EC%9E%90%EB%B0%94&searchType=search&paid_fl=n&search_uuid=b4a0bde8-d0ed-499b-a7fd-2d64036d059f,서울송파구,경력3년↑,대졸↑,정규직,채용시,"Javascript,Java,프론트엔드,웹개발,백엔드/서버개발외수정일 24/12/04",
(주)파미컴퍼니,[웹개발] [파미컴퍼니] 백엔드 개발자(JAVA) 채용,https://www.saramin.co.kr/zf_user/jobs/relay/view?view_type=search&rec_idx=49395132&location=ts&searchword=%EC%9E%90%EB%B0%94&searchType=search&paid_fl=n&search_uuid=b4a0bde8-d0ed-499b-a7fd-2d64036d059f,서울구로구,경력1년↑,학력무관,정규직,~ 12/13(금),"Java,웹개발,Spring,유지보수,Ajax외등록일 24/11/13",
(주)에이치알인트로,Java·JSP 신입 개발자 채용 (계약직),https://www.saramin.co.kr/zf_user/jobs/relay/view?view_type=search&rec_idx=49529544&location=ts&searchword=%EC%9E%90%EB%B0%94&searchType=search&paid_fl=n&search_uuid=b4a0bde8-d0ed-499b-a7fd-2d64036d059f,서울구로구,신입,대졸↑,기간제·무기계약직,~ 01/03(금),"Java,웹개발,JSP,솔루션업체,소프트웨어개발수정일 24/12/09",
